cell_id	orig.ident	nCount_RNA	nFeature_RNA	Percent_mito	S.Score	G2M.Score	Phase	subtype	UMAP_1	UMAP_2
AAACCCATCCGCGGAT-1	CD45neg_d2	3885	2026	3.6293436293436296	-0.060873376265752795	-0.03965976022768644	G1	cLEC	5.175864710870661	6.965708423087552
AAACGCTAGACCATGG-1	CD45neg_d2	6125	2117	2.6612244897959183	-0.02124431168217758	-0.07068794115519314	G1	Ptx3_LEC	7.025211825433649	4.685050416419461
AAACGCTTCTCCTGTG-1	CD45neg_d2	3863	1246	4.607817758219001	-0.05602387014188758	-0.060196156295727145	G1	B cell	-2.061397832420193	-13.344902348091647
AAATGGAAGTATCCTG-1	CD45neg_d2	6866	2773	8.928051267113311	0.034814810372737204	-0.0465408629906416	S	cLEC	5.364646925989069	7.0800592188334015
AAATGGATCAACGTGT-1	CD45neg_d2	4114	2102	4.569761789013126	-0.05147742145355018	-0.0656831547568807	G1	cLEC	6.654288783136286	8.923266101310208
AACAAAGGTACGAAAT-1	CD45neg_d2	13733	3858	4.405446734144033	-0.011392925507425239	0.009425380009083967	G2M	Ptx3_LEC	7.358843340936579	5.690535712668851
AACAAAGGTCTACAGT-1	CD45neg_d2	2074	888	6.605593056894889	0.0015231981146274429	0.0068657487046863	G2M	B cell	-1.2306533908215394	-13.121904682686374
AACCAACCAAGGCAAC-1	CD45neg_d2	6577	2750	5.82332370381633	-0.04706836268470646	-0.060333096491631794	G1	cLEC	5.9172487402590885	8.730776954123929
AACCACAGTGCTCTCT-1	CD45neg_d2	631	428	9.350237717908081	-0.04020247228110165	-0.034102834481134395	G1	B cell	-1.3474501823750367	-12.178666424324557
AACCATGCAGACCAAG-1	CD45neg_d2	12746	3726	5.358543856896281	-0.029164897895006453	-0.005818548812329155	G1	cLEC	6.2413334990176335	7.439371276328519
AACCTGATCCGTGTGG-1	CD45neg_d2	791	417	0.37926675094816686	-0.02634868683163307	0.026490004359919703	G2M	Marco_LEC	3.308082118097223	2.308118629882291
AACCTTTCACTACGGC-1	CD45neg_d2	26589	4875	3.997893865884388	-0.07889062393855648	-0.01826087556609743	G1	Epithelial	2.872646346155084	-1.4931379075551479
AAGAACAGTCTAATCG-1	CD45neg_d2	3706	1541	2.698327037236913	-0.046607671190650714	0.06529532715188992	G2M	T cell	-13.771684155401312	-2.137977194359347
AAGACTCTCCAGCTCT-1	CD45neg_d2	7892	2325	2.8003041054232134	0.019543809416216015	-0.03104114685330485	S	T cell	-13.560150608953558	-2.3377295251393764
AAGCCATCATCGTGGC-1	CD45neg_d2	1084	694	8.948339483394834	0.02448938984019923	-0.0704594362059396	S	B cell	-1.6744652842846741	-12.489384007027194
AAGCGTTAGGAGACCT-1	CD45neg_d2	7112	1883	5.244656917885265	0.011495268937731354	0.01238414470415164	G2M	T cell	-13.94115017407807	-2.475350689461276
AAGCGTTCATCCTAAG-1	CD45neg_d2	3478	1431	1.207590569292697	0.021824243382390904	0.07763057817730751	G2M	T cell	-12.142909512456976	-1.5339105840230434
AAGGTAAGTCATAGTC-1	CD45neg_d2	3529	1263	5.752337772740153	0.04924957477709978	0.06422873076391157	G2M	T cell	-15.2622666215268	-2.1092563386464565
AAGGTAAGTCCTCCTA-1	CD45neg_d2	2434	1036	5.957271980279375	0.0841597713915902	-0.016554816872758955	S	T cell	-15.200376019414984	-2.3536391969228236
AAGGTAAGTTCGTAAC-1	CD45neg_d2	6760	2404	4.6301775147929	-0.07586327548565375	-0.016845739357674402	G1	Epithelial	1.8355140829714904	0.8427349214052707
AATAGAGAGGGAGTTC-1	CD45neg_d2	2909	1617	4.812650395324853	0.027888371929544006	-0.04569651439077865	S	cLEC	5.52107717043487	7.028386283347562
AATAGAGTCAGCCCAG-1	CD45neg_d2	18292	4585	5.067789197463371	-0.062248320137363033	-0.04652303756716364	G1	Epithelial	2.7994733000430236	0.3197010044550449
AATCACGTCGCACGGT-1	CD45neg_d2	13147	3499	6.708754849014984	-0.04265036950847421	5.067351695615674e-4	G2M	Epithelial	0.9184236670169006	2.259273338744596
AATCGTGCAGTATGAA-1	CD45neg_d2	3595	1801	2.976356050069541	-0.06607908910233283	-0.08979854877120065	G1	cLEC	6.125006213251032	8.914695430228665
AATGAAGAGGGCATGT-1	CD45neg_d2	3312	1546	4.559178743961353	0.031196606663239326	-0.05861945519458532	S	Ptx3_LEC	6.561455264154352	5.847525763938382
AATGACCGTTCTCAGA-1	CD45neg_d2	4100	2163	6.2926829268292686	-0.01355260478698661	-0.07984089283460338	G1	cLEC	7.440286173883356	8.362182307670071
AATGCCACAACCCGCA-1	CD45neg_d2	4186	1698	1.433349259436216	0.11430774099435968	-0.038986301694853356	S	T cell	-12.233540043768011	-1.7247663255238979
AATGGAAAGCGACTAG-1	CD45neg_d2	4411	1748	3.0832010881886194	-0.02018251390443722	0.02346294686284131	G2M	Ptx3_LEC	7.056513323846735	4.570486474463895
AATGGAATCGATACAC-1	CD45neg_d2	9213	2815	1.6172799305329426	-0.005173317259025215	-0.06964001423753284	G1	Ptx3_LEC	4.719359889093317	5.234803843924954
AATGGCTAGGTTGACG-1	CD45neg_d2	2191	1034	6.024646280237335	0.07103409861397682	0.08135124723412426	G2M	T cell	-15.04105137341889	-2.9244659657979457
AATGGCTGTGTTGAGG-1	CD45neg_d2	4527	1928	3.158824828804948	-0.04321368817625713	0.048156384963128684	G2M	T cell	-15.594342694219671	-1.6014893765950649
AATTTCCTCCCTTGGT-1	CD45neg_d2	11750	3775	12.885106382978723	-0.06766026896655954	-0.06343325090661558	G1	Epithelial	2.228605284753717	1.4268993620371373
ACAAAGATCGCTAAAC-1	CD45neg_d2	2090	1036	5.55023923444976	-0.011070988627023264	0.03676701082259	G2M	B cell	-0.7702375506726136	-14.299341511299655
ACAACCAGTCATCACA-1	CD45neg_d2	18008	4159	3.742780986228343	-0.043503967918528216	-0.07451994966547607	G1	Epithelial	1.6231146002444397	-0.004763912727877462
ACACTGACAGTGAGCA-1	CD45neg_d2	2765	1397	9.584086799276673	0.05364166069409958	-0.017687371380733397	S	Marco_LEC	6.407367243829645	6.450835395286038
ACAGAAACATCTCCCA-1	CD45neg_d2	26716	4931	4.368168887558017	0.01960690076094991	-0.028845442115486175	S	Epithelial	1.4644014979037414	-1.3539574857259242
ACAGCCGAGCTAAACA-1	CD45neg_d2	4378	1856	1.0963910461397899	0.1614859901025273	0.03511699759492719	S	Ptx3_LEC	6.704231753412165	4.604354548881009
ACAGGGACAACTTGGT-1	CD45neg_d2	5015	1627	5.84247258225324	0.0028126583987609297	-0.009646825431670017	S	T cell	-13.017146573003851	-2.0499883409047572
ACATGCAAGTCTCTGA-1	CD45neg_d2	18010	4233	1.7823431426985008	0.21102767064960226	0.015066904091316224	S	Ptx3_LEC	6.874868884149469	5.210799861381009
ACATGCACATATACCG-1	CD45neg_d2	24604	4935	3.450658429523655	-0.10091930439576025	0.028079157325697185	G2M	Epithelial	2.261320605340875	-1.276111435463473
ACCATTTAGACTCAAA-1	CD45neg_d2	2230	1091	3.1390134529147984	0.058952904520410146	-0.08209917703326755	S	T cell	-13.081189618047796	-1.8598018403554408
ACCATTTTCACTTGTT-1	CD45neg_d2	2441	1044	3.40024580090127	0.0036283659707675928	-7.257031371374068e-4	S	B cell	-1.8499321048823227	-14.069298100044772
ACCCAAAAGTATGATG-1	CD45neg_d2	14922	3834	3.9203860072376355	-0.08459063930529288	0.009143981720932365	G2M	Epithelial	3.223280921045221	0.6501822058653385
ACCCAAACAGCAGGAT-1	CD45neg_d2	3061	1171	2.8422084286180986	-0.06203450789749252	-0.016514954290968574	G1	B cell	-1.7873972808686127	-13.991755795052097
ACCCTTGAGCGCACAA-1	CD45neg_d2	3287	1221	6.1149984788561	0.03476214423705358	0.048807864029061926	G2M	T cell	-14.509816632207952	-2.633216452171847
ACCGTTCTCCGGCAGT-1	CD45neg_d2	2369	975	3.376952300548755	-0.021573725438666702	0.002835471943383093	G2M	T cell	-15.304199681219183	-1.7012758965993373
ACCTACCAGAGATCGC-1	CD45neg_d2	2543	1217	8.847817538340543	-0.007746042189319069	0.08507937383345673	G2M	B cell	-0.7660981273022522	-14.116565060188815
ACCTGAACAAATGAGT-1	CD45neg_d2	6613	2476	4.536518977771057	-0.08533112484096614	-0.004700573706353364	G1	cLEC	6.201414599481501	8.86536996407266
ACGATCACATGAAGCG-1	CD45neg_d2	19470	4296	6.050333846944016	-0.06927615423820024	-0.012419544027163942	G1	Epithelial	1.2095265532168518	-0.7744216437840908
ACGATGTGTATGGAGC-1	CD45neg_d2	22047	4581	7.2118655599401285	-0.03263257816369454	-0.07833904160814147	G1	Epithelial	3.1024403715762268	-1.243577312996432
ACGGAAGGTCCTATAG-1	CD45neg_d2	2491	1230	4.69690887193898	-0.0783880167992735	-0.07266142478543508	G1	Epithelial	-1.4928903436032166	0.18134068293328587
ACGGGTCAGTCGCGAA-1	CD45neg_d2	9639	3169	8.07137669882768	0.03622616005703702	-0.021523919237520034	S	Epithelial	1.3268945360812316	2.1023220304941685
ACGGTCGTCGTGGACC-1	CD45neg_d2	2916	1640	4.8353909465020575	0.03409758752359883	-0.06900241640570985	S	cLEC	6.702053561273493	8.783289599845364
ACGTAACGTTTAGAGA-1	CD45neg_d2	23986	4687	3.777203368631702	-0.05877152892543229	-0.008603919501893667	G1	Epithelial	3.044547095361627	-1.2618649716878383
ACGTACATCTGCGATA-1	CD45neg_d2	4327	1916	10.792697018719668	-0.031179950439011672	-0.12382335269195463	G1	Epithelial	2.2877006674441467	1.3859336559271367
ACTATTCGTATCCTCC-1	CD45neg_d2	2717	1244	1.25138019874862	0.06413541099945003	0.02977080597753831	S	T cell	-15.596084103521429	-2.428163837959811
ACTATTCTCGAGAATA-1	CD45neg_d2	27230	4951	8.222548659566655	-0.06892793904350175	-0.049744715549280116	G1	Epithelial	2.64930392748443	-1.7485526319051234
ACTATTCTCGTGCACG-1	CD45neg_d2	20299	4439	3.409034927828957	-0.053852614591894325	-0.03950561343446732	G1	Epithelial	3.47751380449859	-0.35212225871329006
ACTCTCGCAAGATCCT-1	CD45neg_d2	4363	2100	6.853082741233097	0.06967825536773392	-0.027892948282114693	S	cLEC	5.077292933526911	6.918440986106351
ACTCTCGGTGACTGAG-1	CD45neg_d2	2100	940	5.095238095238095	-0.011531966079383622	0.009524542288815191	G2M	T cell	-15.102336392339788	-2.224522900154635
ACTGATGGTATGCTTG-1	CD45neg_d2	2932	1293	2.728512960436562	-0.030959448615540133	-0.04062837476856351	G1	T cell	-14.796052441534124	-1.7178819890523402
ACTGATGTCTTGGATG-1	CD45neg_d2	21893	4221	3.3526698031334212	-0.06741543424325187	-0.03355755029664484	G1	cLEC	6.110802187982477	6.119394946525052
ACTGCAAAGCAATTAG-1	CD45neg_d2	3755	1588	2.6098535286284954	0.021618765802708037	-0.03968581310096882	S	T cell	-12.19373749249848	-1.4524129148030727
ACTGTCCAGCTGTTAC-1	CD45neg_d2	2054	956	2.0934761441090557	-0.06090087509912866	-0.037157913388886445	G1	Ptx3_LEC	4.755393519464411	5.184259105155423
ACTGTGACAACGTAAA-1	CD45neg_d2	7800	2965	4.205128205128205	0.04480381046466203	-0.014616728034551496	S	cLEC	5.9648184919985905	8.550737548301175
ACTGTGATCTGCTGAA-1	CD45neg_d2	6335	1853	3.946329913180742	-0.015199646885776907	-0.04770648293540263	G1	T cell	-12.903019413885199	-1.866314005425021
ACTTATCAGGATACGC-1	CD45neg_d2	17952	4067	4.272504456327986	0.015484832280391853	-0.029321170267874896	S	Epithelial	1.0225792074832092	-0.26680023627524074
ACTTATCGTAGATTGA-1	CD45neg_d2	21437	4225	11.844008023510751	-0.03668526842320273	-0.026698925593622955	G1	Epithelial	0.3507971907290588	2.5726979259943517
ACTTCCGCACCTGCTT-1	CD45neg_d2	3025	1410	2.0495867768595044	-0.07345718694333069	-0.08207462134837723	G1	Ptx3_LEC	5.6289091253909245	5.159402060935452
ACTTTCAAGACCTGGA-1	CD45neg_d2	1530	917	2.3529411764705883	-0.06515606187586206	0.02348065532526593	G2M	Marco_LEC	5.387619509759821	4.1839973215555695
AGAACAATCTCATGCC-1	CD45neg_d2	20622	4676	8.311511977499759	-0.03181784552492853	-0.007686156830076979	G1	Epithelial	3.072080626550592	-0.48232741313223537
AGAAGCGAGCAATAAC-1	CD45neg_d2	17712	3940	4.121499548328816	-0.05681329986022901	-0.001289625281208684	G1	Epithelial	3.341548457208551	-0.5626564736867398
AGACAAACAGCTCGGT-1	CD45neg_d2	2321	980	6.419646704006894	-0.01336909372804359	-0.003376835050296803	G1	B cell	-1.409984037813269	-12.637819599678561
AGACAAAGTATAGCTC-1	CD45neg_d2	6931	2720	10.979656615207041	-0.04145315906126176	-0.00702887935449531	G1	cLEC	7.464605822626032	7.61820666832681
AGACAGGAGGTTGGAC-1	CD45neg_d2	930	452	0.10752688172043011	-0.024845429368562162	-0.04214453140353391	G1	Marco_LEC	4.741362109247126	3.652082848975614
AGACCATAGTCACACT-1	CD45neg_d2	9478	3343	5.053808820426251	0.026990504530951892	-0.036662576775766925	S	cLEC	6.073971285882868	8.858215022513821
AGACTCAAGCGCCTTG-1	CD45neg_d2	18755	4031	12.002132764596107	-0.009587289773789684	-0.02470152487311865	G1	Epithelial	0.46112848764983516	2.595444608161405
AGAGAATGTAGCACAG-1	CD45neg_d2	21469	4486	4.261959103824118	-0.06464739077740178	-0.03572033299938841	G1	Epithelial	1.0063002253207336	-0.61421520667319
AGAGAGCAGCGACAGT-1	CD45neg_d2	11578	3460	5.139056831922612	0.0163471727423119	-0.019123677808903825	S	Ptx3_LEC	7.360421671930231	5.858586478660062
AGAGCCCGTGTATACC-1	CD45neg_d2	994	606	1.710261569416499	-0.04753392811525782	0.0422813071535768	G2M	T cell	-11.954091534551702	-1.5695043321156947
AGATCCACACAGGATG-1	CD45neg_d2	15546	3955	4.920879969123891	-0.03468713356484207	-0.017123876374378483	G1	Epithelial	0.8728168154391418	2.454466629455045
AGATGAAGTTACGGAG-1	CD45neg_d2	1625	840	6.030769230769231	-0.05276026129546592	-0.016802658810178603	G1	B cell	-1.2609511470166077	-12.64589245276694
AGATGAATCGTTCGCT-1	CD45neg_d2	1058	634	0	-0.049423179509554736	0.011734633932100183	G2M	Marco_LEC	3.0919861937197815	1.7756186608767064
AGCATCATCACACCGG-1	CD45neg_d2	1096	632	7.2992700729927	0.015744548489462225	0.03719724957226022	G2M	T cell	-14.344461903509222	-1.3950708623433559
AGCCAGCTCCATGATG-1	CD45neg_d2	1743	817	3.040734366035571	-0.004694285577737697	0.029959876840961817	G2M	T cell	-15.701145634588324	-2.0429938550496547
AGCGATTGTCCTCAGG-1	CD45neg_d2	2350	1119	3.7872340425531914	0.03210841839718603	-0.01031302291627427	S	T cell	-14.929661259588324	-1.241164040138766
AGCGCCAAGGACGCAT-1	CD45neg_d2	1574	806	13.659466327827191	0.014848348969383605	0.006092475430516511	S	Marco_LEC	3.954987540307916	2.7848167900538
AGCGCTGGTCAGACGA-1	CD45neg_d2	6265	2290	2.2027134876296888	0.020414785058672558	-0.027576169952707966	S	T cell	-14.341050610479437	-1.4124322648549525
AGCGCTGGTTCCGCTT-1	CD45neg_d2	12190	3850	5.209187858900739	-0.034352621700130606	-0.010819581796378819	G1	cLEC	5.562860503259577	7.198853660056546
AGCGTATCAGAGGCTA-1	CD45neg_d2	8266	2755	3.193805952092911	-0.06210222937401926	-0.05850765161193644	G1	Ptx3_LEC	6.967946543756403	4.894805598685696
AGCGTCGTCTCTATGT-1	CD45neg_d2	705	549	1.702127659574468	0.015973682952747516	-0.0609519016946339	S	Marco_LEC	5.189696326318659	4.034701037833646
AGCTACAAGCATATGA-1	CD45neg_d2	18100	4468	3.1988950276243093	-0.042623605653473354	-0.019675514922801965	G1	Epithelial	3.236800208154596	-0.13089604335074123
AGCTCAAGTTTCGGCG-1	CD45neg_d2	3436	1775	9.080325960419092	-0.028504367778006037	-0.04901278835163396	G1	cLEC	7.516615405145563	8.3320500139689
AGGAAATCATGACTAC-1	CD45neg_d2	849	514	0.11778563015312131	0.0123136725318213	-0.04635084715577824	S	Marco_LEC	3.291744246545709	2.153149056861356
AGGAAATCATGAGGGT-1	CD45neg_d2	10122	3311	6.510571033392611	-0.08081059655919116	-0.0709018251673946	G1	cLEC	7.402354731622614	6.210335898826077
AGGAAATGTCTACTGA-1	CD45neg_d2	23554	4790	5.256007472191559	-0.049896334515699456	-0.015506333455681198	G1	Epithelial	2.918403639856256	-1.3751435990834682
AGGACTTAGGGCTTCC-1	CD45neg_d2	6892	2276	1.5089959373186304	0.025283297496465504	-0.056607020152183746	S	T cell	-12.567510113653265	-1.7578068490529506
AGGACTTCATAGATCC-1	CD45neg_d2	2167	1263	2.3073373327180433	-0.06184820969963259	0.017376290021934027	G2M	cLEC	5.778973116937555	8.262107062766507
AGGAGGTAGGCATTTC-1	CD45neg_d2	8095	2856	2.7671402100061764	-0.016398651678238438	-0.04718476361190191	G1	Ptx3_LEC	6.269761576715387	4.540888476798489
AGGAGGTAGTAGCTCT-1	CD45neg_d2	8919	3371	3.7111783832268195	-0.020921712756359026	-0.05389824146345362	G1	cLEC	6.86774875170318	8.38259236855264
AGGATCTAGCAACTTC-1	CD45neg_d2	6437	2106	5.483921081249029	0.06855091239930376	0.06859739109407433	G2M	T cell	-14.03180836194428	-2.5201359506154506
AGGATCTCATTGACCA-1	CD45neg_d2	931	510	0	-0.038295677032201984	-0.07270799781254726	G1	Marco_LEC	3.7524528647097717	1.8657135848497899
AGGGCTCTCACGACTA-1	CD45neg_d2	2565	983	3.6647173489278755	-0.011274012093567702	0.029767836483903715	G2M	T cell	-15.444742665227972	-2.0965967889333217
AGGGCTCTCAGACCCG-1	CD45neg_d2	10757	3218	3.1328437296644043	0.0267395875686271	-0.013693309094019779	S	Epithelial	1.169325842920221	0.4622856859659702
AGGGTTTGTTGCATCA-1	CD45neg_d2	3287	1261	2.403407362336477	-0.025783384797339354	0.01896106504522986	G2M	T cell	-15.062551960882269	-1.9544525857472865
AGGTCTATCGTCACCT-1	CD45neg_d2	736	482	4.891304347826087	0.03639830645471914	-0.04338845300215441	S	B cell	-1.354356870588385	-13.272249531319186
AGGTTGTGTCTCTCAC-1	CD45neg_d2	3799	1702	4.4222163727296655	0.023392057899246352	-0.07460447634640471	S	Epithelial	-1.3970090007153382	0.2079431895708591
AGTAACCTCTCCGCAT-1	CD45neg_d2	7462	2776	4.945054945054945	-0.06057949234807451	-0.09275609168463056	G1	cLEC	6.4857888365420475	8.774307418296292
AGTACTGTCCACACAA-1	CD45neg_d2	5968	1672	1.9604557640750668	-0.028364526370552687	-0.014307225023485332	G1	Marco_LEC	6.154197230401911	3.4237427000498326
AGTAGTCCATGCGGTC-1	CD45neg_d2	7708	2462	9.327970939283862	-0.037009147709402467	-0.0646762065930564	G1	Epithelial	1.2385220671328674	0.5312972251867801
AGTCAACAGCAACAGC-1	CD45neg_d2	8863	3370	3.949001466771973	-0.02583328089855766	-0.07876214556734006	G1	cLEC	6.332602992120661	7.844605136344388
AGTCACACAATACAGA-1	CD45neg_d2	19924	4499	4.3164023288496285	-0.024181391621956524	0.01560537284817251	G2M	Epithelial	2.016137614313043	-0.35087032275442775
AGTCTCCGTAGCCAGA-1	CD45neg_d2	19852	4495	3.9995970179327016	-0.00790249313664615	0.013173016654924735	G2M	Epithelial	0.8943798685702453	-0.7386697049642056
AGTGACTCAGAGCTAG-1	CD45neg_d2	7545	2183	3.0616302186878728	0.07198930285274886	0.09627807866605109	G2M	T cell	-14.03861282819184	-1.895310473015353
AGTGACTTCTGGAGAG-1	CD45neg_d2	2589	932	7.1456160679799154	0.06727521519573434	0.08659220490007637	G2M	T cell	-15.536300167974554	-2.8521757836842982
AGTGATCTCGTCACCT-1	CD45neg_d2	6634	2534	13.717214350316551	-0.04340292298790463	-0.0614559850610615	G1	Epithelial	2.0848384047183166	1.1347339187359364
AGTGCCGGTTGTGTAC-1	CD45neg_d2	19680	4222	6.996951219512196	-0.11224139954186062	-0.04242801629743223	G1	Epithelial	-2.6528701042500367	-0.060631584694430196
AGTGTTGGTCCGGACT-1	CD45neg_d2	5507	2297	3.395678227710187	-0.00613293041176223	-0.008595535715250888	G1	Epithelial	1.3223521853121887	1.9635681395029576
AGTTAGCAGGGATCGT-1	CD45neg_d2	10655	3232	8.549976536837166	0.3347753662790443	0.470605071916838	G2M	Ptx3_LEC	7.086683764520563	6.171091247031644
ATACTTCTCATTCCTA-1	CD45neg_d2	9574	3030	8.324629204094421	-0.04567754549211313	-0.03287207564071022	G1	Epithelial	-2.389979169305884	0.413590300509885
ATAGAGAAGTGGAAGA-1	CD45neg_d2	4860	1884	3.580246913580247	0.3270977071135172	-0.030670678750982158	S	T cell	-12.100881085332952	-1.6459151025319545
ATAGAGAGTAGCGCTC-1	CD45neg_d2	1700	728	11.235294117647058	0.01975532212311596	-0.009270449119024145	S	B cell	-1.802580059107863	-12.514752697517917
ATAGGCTAGAGTCTGG-1	CD45neg_d2	7024	2523	6.847949886104783	-0.06396220372515435	-0.032473376841858706	G1	Epithelial	1.5704572344454895	1.035419191846803
ATCACGAGTCTTCGAA-1	CD45neg_d2	5777	2372	7.079799203738965	-0.05076282863661489	-0.08782498467417413	G1	Epithelial	-2.5935036396351685	-0.35589749770407375
ATCAGGTAGGTAGATT-1	CD45neg_d2	7988	2413	2.816725087631447	0.03668210431168008	0.003452784678866172	S	T cell	-11.993413433965765	-1.6155915971303432
ATCATTCAGAGGTATT-1	CD45neg_d2	3716	1283	4.843918191603875	0.025257318764189664	0.033612205240060714	G2M	T cell	-14.968360409673773	-2.2007792706990688
ATCCATTAGCAAGGAA-1	CD45neg_d2	7855	3045	6.021642266072566	-0.016554208978637436	0.004088644214587406	G2M	cLEC	6.135015978876032	8.225169825980618
ATCCCTGCACGTCGGT-1	CD45neg_d2	15725	3814	3.8473767885532593	-0.004963725212477288	-0.0632337674688422	G1	Epithelial	3.0141201162966857	0.5937808935141117
ATCGCCTGTAAGTTGA-1	CD45neg_d2	2767	1097	4.119985543910372	-0.01621924353444923	-0.0416200166811867	G1	B cell	-1.9660652396944394	-13.641210865547702
ATCGGATGTATGGTAA-1	CD45neg_d2	19347	4239	4.889646973691011	-0.02755244385570657	-0.051415606144829054	G1	Epithelial	1.1160557413729797	-0.7656400914693325
ATCGTGACAGACGCTC-1	CD45neg_d2	8011	2663	8.775433778554488	-0.051459151348359114	-0.0368062339368814	G1	Epithelial	1.8003292227419982	0.5307367627119571
ATCTTCACAAAGGTTA-1	CD45neg_d2	21175	4566	4.321133412042503	-0.04425727896411362	-0.031893379326002516	G1	Epithelial	1.2033047819766174	-1.0834363217854945
ATGAAAGAGTAGACAT-1	CD45neg_d2	24894	4911	3.731822929219893	0.22506895862669904	0.5931421177935736	G2M	Ptx3_LEC	7.253477587762751	5.837402987906888
ATGAAAGCAGGCCTGT-1	CD45neg_d2	16180	4212	2.6081582200247215	-0.048588538998576195	-0.024485670488025135	G1	Epithelial	-2.5150094484654297	-0.22785849528555568
ATGAGGGCAGCAGGAT-1	CD45neg_d2	16997	3868	3.2358651526740014	0.0077318294530158704	-0.015547323948308586	S	Ptx3_LEC	6.444592967096247	5.973342109153226
ATGAGTCCAACGTTAC-1	CD45neg_d2	19601	4074	3.958981684607928	-0.046160693097244854	-0.013224099358609145	G1	Epithelial	3.6292829657229553	-0.07197899775747951
ATGGGAGGTTGTCCCT-1	CD45neg_d2	693	413	0	-0.033877345249605874	0.06709932120254258	G2M	Marco_LEC	3.190247073236383	1.737205076644376
ATGGTTGGTCGTTCAA-1	CD45neg_d2	3495	1148	5.236051502145923	-0.024032922760161245	0.04743834464360497	G2M	T cell	-14.785031781133734	-2.04807431655173
ATGTCCCAGATTAGAC-1	CD45neg_d2	953	622	6.8205666316894025	0.06481567410897562	0.03146665546477461	S	T cell	-15.720024571355902	-2.6035028214955775
ATGTCCCCAGCCATTA-1	CD45neg_d2	8990	3465	4.438264738598443	-0.04557317269728445	-0.011833199126055433	G1	cLEC	7.476586833063044	8.258315253684476
ATGTCCCTCCACTGAA-1	CD45neg_d2	5954	2262	0.26872690628149143	0.28734358718337405	0.042983956511042976	S	Ptx3_LEC	5.172085299554743	3.860262561271146
ATGTCCCTCTACCACC-1	CD45neg_d2	4287	1521	4.851877770002332	-0.023839071814999467	0.0056635336001371606	G2M	Marco_LEC	6.329527392450251	4.008505750129178
ATTACCTCATGGCCAC-1	CD45neg_d2	2102	1099	0.47573739295908657	0.3905939394858125	0.18858019464783982	S	Marco_LEC	2.9129886770877014	2.2049913887476476
ATTACTCAGTGTAGAT-1	CD45neg_d2	1870	1008	2.620320855614973	0.07969836277730503	0.04022724966483114	S	T cell	-11.906666264471136	-1.7224720235372035
ATTCCCGGTAGCTTGT-1	CD45neg_d2	10017	3652	3.60387341519417	-0.06953663846568851	-0.12405448842921021	G1	cLEC	6.605398669305719	8.341521907279446
ATTCCTATCACACCGG-1	CD45neg_d2	2435	1074	2.1765913757700206	-0.057493114620698386	-0.043285141016945805	G1	B cell	-0.9414771651593079	-12.830613445808932
ATTCTTGGTCAAGGCA-1	CD45neg_d2	14755	3792	12.03659776347001	0.025453399543836436	-0.04350260004225043	S	cLEC	6.397861971918024	6.3294231180643585
ATTGGGTAGACCATGG-1	CD45neg_d2	2168	944	2.6291512915129154	0.018576150679675232	0.013945134134577847	S	B cell	-0.34102557652863164	-12.87463123755698
ATTTACCTCAACCGAT-1	CD45neg_d2	1365	702	3.0036630036630036	0.0032019513697344737	-0.054440428991255854	S	T cell	-15.002993092474066	-1.9494851346517055
CAAAGAATCAAGAGGC-1	CD45neg_d2	2119	1035	5.521472392638037	0.12247598606631419	0.03617165561133215	S	B cell	-0.6381109809246888	-13.685584377815768
CAAAGAATCCTAAACG-1	CD45neg_d2	14290	4285	4.674597620713786	-0.028376915392999608	-0.04294970974790867	G1	cLEC	6.472225680414118	8.078075099418118
CAACAACAGCGGGTTA-1	CD45neg_d2	980	631	3.6734693877551026	0.005169221133888645	-0.011085457041696861	S	Marco_LEC	-1.0944964742031922	0.3064619783854038
CAACCAATCTCAGTCC-1	CD45neg_d2	11190	3356	1.224307417336908	-0.02499976482910289	0.01741575815101587	G2M	Ptx3_LEC	5.413657679620661	5.046998191306546
CAACGGCCAGGTCCGT-1	CD45neg_d2	504	366	0.1984126984126984	-0.04455848387069778	-7.368387799423295e-4	G1	T cell	2.4297576094302307	-0.4770409579778164
CAAGACTTCCATAGGT-1	CD45neg_d2	7837	2856	1.4546382544340948	0.09245094031182263	-0.05212694103925361	S	Ptx3_LEC	5.08049346453277	4.978120494315579
CAAGCTAAGGATTTAG-1	CD45neg_d2	17606	4200	3.033056912416222	0.07154600333349179	-0.04019970331696429	S	Epithelial	-2.6530298446980347	0.03728227658028904
CAAGCTACATCGCTGG-1	CD45neg_d2	16543	4542	4.594088133953939	-0.09578716127824802	-0.0791679466219028	G1	Epithelial	1.657741322580255	0.3979645852541477
CAATGACTCAAGCCGC-1	CD45neg_d2	16408	4211	3.0655777669429547	-0.0689711441848774	-0.021665524289865026	G1	Epithelial	1.9643900538119445	0.2261091951822788
CACAACACAGAAATCA-1	CD45neg_d2	2881	1079	2.7073932662270046	0.11473754419779951	0.04443425776304373	S	T cell	-15.877013668951117	-2.3997584100270717
CACACAAGTAAGCTCT-1	CD45neg_d2	1806	933	5.3156146179401995	0.06513873428110933	-0.011131433636949233	S	B cell	-0.997671947416388	-13.041981052925632
CACAGGCCAGCGTATT-1	CD45neg_d2	23711	4969	4.141537682931973	0.03922332028129191	0.8644581379911246	G2M	Epithelial	1.0681028509768615	0.7294230346178562
CACCGTTGTGCCAAGA-1	CD45neg_d2	19218	4779	3.715266937246332	0.3894438102691149	0.058597640123443206	S	Ptx3_LEC	7.19478847033111	5.423470664451077
CACGGGTCATCTATCT-1	CD45neg_d2	2946	1085	6.042090970807875	0.01346430843044788	0.035952079024824925	G2M	T cell	-14.548194394048773	-2.4996634240651576
CACTGAATCCTTCTTC-1	CD45neg_d2	25314	4800	4.215058860709489	0.028354431590661935	-0.02010772518172041	S	Epithelial	1.880758776727594	-1.3712929006123988
CACTGGGCACGTCTCT-1	CD45neg_d2	26157	4984	4.0715678403486635	-1.0863954582260305e-4	-0.02005511985740431	G1	Epithelial	2.9809308195742736	-1.457742762138888
CACTGTCCATCCGAGC-1	CD45neg_d2	17963	3773	4.470300061236987	0.009718072529023528	0.8355428245053589	G2M	T cell	-13.121083722051702	-1.906475615074679
CACTTCGAGTCTTCGA-1	CD45neg_d2	6430	2608	4.21461897356143	-0.09690521465508925	-0.05904209755349585	G1	cLEC	4.981535449090876	6.379352736899808
CAGATACCAAGGTACG-1	CD45neg_d2	979	548	0.20429009193054137	-0.04377895312657247	-0.053663596332992114	G1	Marco_LEC	3.838257327142633	1.0773853395676167
CAGATTGAGGGACTGT-1	CD45neg_d2	15092	3610	5.174927113702624	0.014763539187784072	-0.06313699636459423	S	Epithelial	2.6950087690981994	0.6102152053808719
CAGCAATAGGGAGAAT-1	CD45neg_d2	20043	4582	4.325699745547073	-0.03312312326311581	-0.08579341425536657	G1	Epithelial	1.2164566660555969	1.7065167908167393
CAGCAATGTGCGGTAA-1	CD45neg_d2	3459	1197	4.799074877132119	0.13748929713678076	0.036577748485961	S	T cell	-15.194524273809515	-2.8817690129781215
CAGCACGCACCGCTGA-1	CD45neg_d2	5101	1883	1.0390119584395217	-0.06270728801038353	-0.06913317391318231	G1	Marco_LEC	5.978880419794001	3.30930511994119
CAGCCAGTCCGTGGCA-1	CD45neg_d2	1042	647	1.727447216890595	0.010897336767175393	-0.06230738762437655	S	Marco_LEC	3.648019805017389	2.646650362441495
CAGCGTGGTACCGTCG-1	CD45neg_d2	10196	3347	2.1086700666928206	-0.055090377173811836	0.27827631524391205	G2M	Ptx3_LEC	5.074809088769831	5.6951643709635285
CAGGCCACAAACTGCT-1	CD45neg_d2	2955	1076	3.7225042301184432	-0.013530647250718009	0.022222101125496767	G2M	T cell	-15.448911175664984	-1.5789833779836147
CAGTTAGAGATGGCAC-1	CD45neg_d2	4424	1562	5.040687160940325	-0.029271091964833074	0.007674624133344354	G2M	T cell	-14.67417953961762	-1.2160862203145473
CATACAGGTGGTCTGC-1	CD45neg_d2	3091	1449	2.1999352960207053	0.012406348023623337	-0.031940573630112296	S	T cell	-14.431667790350042	-2.167560410072848
CATACTTTCTGCATAG-1	CD45neg_d2	19646	4361	4.520004072075741	-0.004641255910860093	0.006212689382439018	G2M	Epithelial	3.195009722772516	0.024647820422604716
CATAGACAGGGTACGT-1	CD45neg_d2	2546	1048	4.713275726630008	-0.04843770803624804	0.08117086401812554	G2M	B cell	-0.6865622853604187	-14.121156048347995
CATCAAGAGCGAATGC-1	CD45neg_d2	18024	4173	3.889258766089658	-0.01827935805300565	0.010004842126308283	G2M	Epithelial	3.3174009466799865	0.4762437824701816
CATCGCTTCTCTCGCA-1	CD45neg_d2	21186	4768	3.832719720570188	-0.04436851490572563	-0.0051636960517259245	G1	Epithelial	2.554206385675348	-0.05387706713919338
CATCGGGTCACCTCTG-1	CD45neg_d2	7615	2849	1.4445173998686802	0.11100144826053536	-0.051696094743134385	S	Ptx3_LEC	5.279623999658503	4.880174088904813
CATGAGTCATATGAAG-1	CD45neg_d2	2716	1406	9.278350515463918	-0.0518846341127379	-0.004148067615869402	G1	Marco_LEC	5.9890751982363835	3.5479587797617467
CATGCGGCACACTGGC-1	CD45neg_d2	7659	2157	3.916960438699569	0.08660139913923257	0.022629973315728108	S	T cell	-13.815735325750433	-2.1616533513570277
CATTCTATCTTGGGCG-1	CD45neg_d2	8612	2610	4.040873200185787	0.0022173829573959997	-0.03580938196321429	S	Epithelial	-2.4390640115109314	0.13079826874490086
CATTGAGTCGTTGTTT-1	CD45neg_d2	1331	704	2.479338842975207	0.04473760959562185	-0.042001081747746166	S	T cell	-15.399162754949652	-1.9713500257039516
CATTTCAAGTTCCGTA-1	CD45neg_d2	2466	907	5.271695052716951	0.029326954353980854	-0.062374002071542464	S	T cell	-15.198646054205023	-1.304084372093722
CCAATGAAGAATCGCG-1	CD45neg_d2	11723	2930	5.450823168131024	0.473285012023405	0.5709575285522802	G2M	B cell	-1.631364003357016	-13.915767979195163
CCAATGACAGATACTC-1	CD45neg_d2	16899	4370	4.0002367003964725	0.033195761348516595	-0.007661394638911523	S	Epithelial	3.094117178979791	0.6025915925001651
CCAATGACAGGCCCTA-1	CD45neg_d2	2588	1115	3.9799072642967546	0.014597298934947524	0.008590834056157806	S	B cell	-1.4954024409619202	-13.950225185921237
CCAATTTAGTTTCGAC-1	CD45neg_d2	2769	1274	3.5752979414951245	0.028119388331351775	-0.084494370245762	S	B cell	-1.9792506402102341	-13.480676006844089
CCAATTTTCGCCGAGT-1	CD45neg_d2	595	448	0.5042016806722689	-0.04753163726972869	-0.0587785837333468	G1	Marco_LEC	3.8317208433779846	0.7606446330046207
CCACACTAGAGTATAC-1	CD45neg_d2	9133	3102	3.514726814847257	0.07905460598816058	0.06884885733695995	S	Ptx3_LEC	6.944043650689997	4.283636737296536
CCACGTTTCGCTTGAA-1	CD45neg_d2	26458	4971	4.074382039458765	0.012490400365336496	0.0052373447498820225	S	Epithelial	1.9684751177462707	-1.6513617749715297
CCACTTGAGGATTTGA-1	CD45neg_d2	6530	2790	6.385911179173047	-0.023568420233337897	-0.015457271160625508	G1	cLEC	5.722623362604059	8.386934447715237
CCATCACGTAACACCT-1	CD45neg_d2	596	410	2.5167785234899327	-0.0517168271745234	-0.061748820798250996	G1	Marco_LEC	3.8524613524111877	2.601082611510709
CCCTAACTCGGACAAG-1	CD45neg_d2	12018	3363	3.6278914960891995	-0.07486003869532197	0.0025261627243307327	G2M	Ptx3_LEC	6.445518031183161	4.262995410392239
CCCTTAGAGTTGCGAG-1	CD45neg_d2	12740	3328	2.0643642072213497	-0.01866282463090381	-0.024731230792739062	G1	Epithelial	-2.42695157283219	0.058666396567776835
CCCTTAGGTGGACTAG-1	CD45neg_d2	6823	2372	3.268357027700425	-0.05775944256527583	-0.09678274513065815	G1	Ptx3_LEC	6.311481967035212	4.094200063178494
CCGAACGCAGCGGTCT-1	CD45neg_d2	7614	2601	3.585500394011033	0.06085536766539444	-0.09672442246136292	S	Ptx3_LEC	6.939845576349176	4.759840894172147
CCGGGTAAGACCTGGA-1	CD45neg_d2	13608	3523	8.193709582598471	-0.05236025075025343	-0.057688646754774864	G1	Epithelial	2.3020219946536193	0.3935406689142734
CCGGTAGGTGTTAGCT-1	CD45neg_d2	4891	2268	3.659783275403803	0.09434745152634162	0.004947940789336386	S	Ptx3_LEC	5.619586005273737	5.108421493003323
CCGGTGAGTGTGTACT-1	CD45neg_d2	3458	1787	3.209947946790052	-0.03448259776830054	-0.07218824552556181	G1	cLEC	6.659681811395563	7.78982942147012
CCGTTCAAGTCGCTAT-1	CD45neg_d2	1527	745	2.75049115913556	0.0776950008593516	-0.011096337457175837	S	B cell	-0.48963867181213994	-13.025973629524753
CCTAAGAAGCCTTTGA-1	CD45neg_d2	21160	4732	4.026465028355387	-0.04709249027049067	-0.01641742484303052	G1	Epithelial	1.9324374342593322	0.15548454565759007
CCTACGTTCGACACCG-1	CD45neg_d2	4045	1639	0.12360939431396785	-0.061082284443261206	-0.020379741036020402	G1	Marco_LEC	5.350873484674372	3.562635827491239
CCTCAACGTGTCATGT-1	CD45neg_d2	2172	958	2.85451197053407	-0.013588386295018552	0.08295303547752511	G2M	T cell	-15.750421986517035	-2.0214567895436732
CCTCAGTGTTCCTACC-1	CD45neg_d2	19485	4240	3.3205029509879394	-0.07591738420153452	-0.05894729781494781	G1	Epithelial	3.264744772973932	-0.7305217500234097
CCTCATGTCCACAGGC-1	CD45neg_d2	20579	4326	2.3567714660576318	0.0022748393658535843	-0.014764841790852662	S	Epithelial	3.1015691900881897	-0.007574629356905782
CCTCCAAGTTCTAAGC-1	CD45neg_d2	14452	3910	5.985330750069195	-0.07459647936177069	0.025845900508989217	G2M	Epithelial	0.7046644831332336	2.2968391661142857
CCTCCTCGTCCATACA-1	CD45neg_d2	718	489	1.8105849582172702	0.09826107528824089	0.16385357030146364	G2M	Marco_LEC	4.568631186548151	3.1219958548044713
CCTCTAGGTCACGACC-1	CD45neg_d2	11526	3677	2.8544161027242754	-0.04237555990945546	-0.052707833454692335	G1	cLEC	5.828263773981012	7.55860440773721
CCTGCATTCATTTGGG-1	CD45neg_d2	2227	903	4.176021553659632	0.13607336496860578	-0.04005907368468102	S	B cell	-1.3719598507252564	-13.794505428841159
CCTGTTGCATTCCTAT-1	CD45neg_d2	3057	1115	4.1543997383055284	0.1106678047219839	0.03481925947788808	S	B cell	-0.6547087287274231	-13.75640327887778
CGAATTGAGCGTGTTT-1	CD45neg_d2	16847	4499	2.9085297085534516	0.060282313187109915	0.29378139228471867	G2M	Ptx3_LEC	7.086078181329645	5.337440658042386
CGAGGAATCGATCCCT-1	CD45neg_d2	13940	3593	3.4361549497847923	-0.023892512701495186	-0.017344567818458043	G1	Epithelial	-2.5229132627812256	-0.12714035468344387
CGAGTGCAGACTCAAA-1	CD45neg_d2	17934	4084	3.5351845656295304	-0.05729757566103547	2.9881445093524195e-4	G2M	Epithelial	1.6557335997256408	-0.2496506686711758
CGAGTTATCAAACGTC-1	CD45neg_d2	1832	824	5.131004366812228	0.033301039172115535	-0.012618454452114174	S	B cell	-1.7958358829584946	-14.21223766761069
CGATCGGGTAGACGGT-1	CD45neg_d2	9638	3428	6.059348412533721	-0.03934348405212083	-0.08498288439201487	G1	cLEC	7.265385165277399	8.067875075766995
CGATGCGTCAGCGCGT-1	CD45neg_d2	2936	1574	5.483651226158038	0.02692325179360726	-0.1006747352025251	S	Ptx3_LEC	5.549572005334772	5.2577935938334015
CGATGCGTCCGCGATG-1	CD45neg_d2	2859	1613	0.7694998251136761	0.03508130889180386	-0.06642750676014254	S	cLEC	6.2730765486392155	7.756055045554593
CGCCAGACATGAAAGT-1	CD45neg_d2	5277	2219	11.199545196134167	-0.006533635245695904	-0.006346500237306998	G1	Epithelial	1.7191701079043518	0.8322563950514347
CGCCATTAGTCTGTAC-1	CD45neg_d2	16707	3790	3.32794636978512	0.013852294561814929	-0.0282279145444366	S	Epithelial	3.212813868585504	0.3893738870119602
CGCGTGAGTACCACGC-1	CD45neg_d2	3279	1767	2.165294297041781	-0.07700659369841309	-0.1277689156998621	G1	cLEC	6.170207514825739	7.722953010032132
CGGAACCAGTACGAGC-1	CD45neg_d2	11059	3108	3.1105886608192423	-0.06952093295423802	-0.051020041471644254	G1	Ptx3_LEC	6.945359721246637	4.568926978537991
CGGGCATAGTGTCATC-1	CD45neg_d2	3138	1066	9.050350541746335	-0.027385462870004602	-0.058942602597557334	G1	B cell	-1.8408425306645264	-12.560261082222507
CGGGTCAGTTCTCCCA-1	CD45neg_d2	556	347	11.151079136690647	-0.04008109332735099	-0.026732797065867595	G1	B cell	-1.5384819959965577	-12.487898182442233
CGGGTGTAGAAGATCT-1	CD45neg_d2	13210	3708	4.587433762301287	-0.06120610018213431	-0.07586624013221428	G1	Ptx3_LEC	6.348528399530329	5.932764697501614
CGTAATGCACCAGTAT-1	CD45neg_d2	1428	976	4.481792717086835	-0.07142896073840976	-0.014209485091230434	G1	cLEC	6.904587283197321	7.654894996116116
CGTAGTAAGCATGATA-1	CD45neg_d2	19023	4526	7.2438626925300955	-0.011939332522409377	-0.033324755315762566	G1	Epithelial	1.8493302012118469	-0.6769663806462735
CGTCCATGTGTATCCA-1	CD45neg_d2	20411	4860	3.596100142080251	0.07041434395556032	-0.018615003497669425	S	Ptx3_LEC	7.26682330614654	5.774876761863187
CGTGATACACTCCGGA-1	CD45neg_d2	4704	1902	5.548469387755102	-0.00973168146632157	-0.02801348748047136	G1	Epithelial	-2.101770103510939	-0.12013156371359524
CGTGTCTCAGACAAAT-1	CD45neg_d2	14346	3813	3.2692039592917888	0.1604520375064989	-0.032157099790464966	S	Epithelial	-1.936417937811934	0.12172095818276707
CGTGTCTTCGTTCGCT-1	CD45neg_d2	602	462	2.1594684385382057	-0.03952596495218936	0.008434627772509619	G2M	Marco_LEC	5.062327876153864	3.5948964838480504
CGTTCTGAGGGCCTCT-1	CD45neg_d2	11714	3513	3.4403278128734844	-0.01784085444065074	0.04021097761255704	G2M	Epithelial	1.4160118246707092	2.261409569213346
CGTTCTGCATCCTGTC-1	CD45neg_d2	18746	4056	4.1075429424943986	-0.07334300456896473	-0.011583632660343096	G1	Epithelial	3.294824137750543	0.0627381686663181
CGTTCTGTCTCTGGTC-1	CD45neg_d2	9594	3525	3.9920783823222847	-0.06456423783849337	-0.06006453521028607	G1	cLEC	6.183792605462946	8.597484755942777
CTAACCCCATTAGGCT-1	CD45neg_d2	2290	902	13.49344978165939	-0.024907608317608194	-0.0658267129677146	G1	Marco_LEC	6.373090281549372	3.5493788008188756
CTAAGTGGTGTATTCG-1	CD45neg_d2	11808	3786	4.2513550135501355	-0.07814024157082868	-0.06650262871661092	G1	Ptx3_LEC	7.305390849176325	5.142100024650052
CTAAGTGTCTCTAAGG-1	CD45neg_d2	20614	4490	9.905889201513535	-0.03881229376234145	-0.029557925785191896	G1	Epithelial	2.779220118585504	-0.41511399703268703
CTACCCAAGAAGCGAA-1	CD45neg_d2	733	561	2.3192360163710775	0.014163944003569379	-0.048798397457883134	S	Epithelial	1.3454463625582824	1.8003349189257176
CTACCTGGTATTCTCT-1	CD45neg_d2	11504	3331	2.2861613351877605	-0.02983975259581073	-0.07055784639739812	G1	Epithelial	2.373385443750299	1.1409121487831624
CTAGACAAGTGTGTTC-1	CD45neg_d2	2218	1006	3.9224526600541028	-0.07045806092497234	-8.361212215997338e-5	G1	T cell	-15.103587613042913	-1.2458389516377895
CTAGACAGTCGCACGT-1	CD45neg_d2	13718	3761	2.7846624872430383	-0.0860324148152073	-0.06726913946869675	G1	Ptx3_LEC	7.169178500238337	4.871688771674588
CTCAACCCACGTAGTT-1	CD45neg_d2	1288	765	4.270186335403727	0.11083761298089445	0.06855639831476641	S	T cell	-15.777822003301702	-1.6504393334889857
CTCAATTAGGAATGTT-1	CD45neg_d2	15442	4621	3.626473254759746	-0.02908278390932026	-0.05961243684706545	G1	cLEC	6.416354670587458	8.507425952384427
CTCAATTAGGTAACTA-1	CD45neg_d2	9731	2898	1.4078717500770732	-0.057452925970008416	-0.045425529143669055	G1	Ptx3_LEC	5.133481040063776	5.207894015738919
CTCAGAAAGTGCGTCC-1	CD45neg_d2	16054	3707	4.578298243428429	-0.012625537952430155	-0.05575253960831615	G1	Epithelial	1.2556193018588195	-0.24687201934103664
CTCAGTCCAGGAATCG-1	CD45neg_d2	1228	849	1.3843648208469055	-0.0726197642010613	-0.042512827330417446	G1	Epithelial	1.2042975569399963	2.106897998282865
CTCATCGCACCAACAT-1	CD45neg_d2	2981	1294	13.485407581348541	-0.05800886709802827	-0.009246083754081827	G1	Marco_LEC	6.247928156915583	5.8142887835001495
CTCATCGCATGTGGTT-1	CD45neg_d2	883	556	7.361268403171008	-0.04772688404413879	0.040923395558668675	G2M	Marco_LEC	5.646194472375788	3.4842874292826207
CTCCAACAGGTAGCCA-1	CD45neg_d2	3743	1238	2.457921453379642	-0.05531455565136083	-0.05303923798845048	G1	Marco_LEC	6.2057032728823796	3.496173310706571
CTCCACAAGTCTGTAC-1	CD45neg_d2	2759	1009	4.929322218194998	0.0037469202260505194	0.07527520367327695	G2M	T cell	-15.712728009161077	-2.2286129708791225
CTCCGATGTGCAGATG-1	CD45neg_d2	10595	2910	2.44454931571496	-0.051631294688998186	-0.08877235918646537	G1	Ptx3_LEC	6.819394602838434	4.0286652330851105
CTCCTCCCATAACCCA-1	CD45neg_d2	3884	1425	2.7548918640576727	0.07727466835469218	0.08942468792608986	G2M	T cell	-15.339636311468206	-2.8221231217885463
CTCCTTTCATCGAAGG-1	CD45neg_d2	19869	4832	6.381800795208617	-0.016601405358107668	-0.013096407351936706	G1	Epithelial	2.199259295526422	0.5882883254980594
CTCCTTTTCATGTCTT-1	CD45neg_d2	8874	3376	4.789272030651341	-0.03542439994323941	-0.06555792795258035	G1	cLEC	6.863856806817926	8.594218898246243
CTCTCAGCAGCTGTCG-1	CD45neg_d2	18185	4145	4.124278251306021	-0.05403911573507782	0.04565969422733693	G2M	Epithelial	1.37259174830047	-0.6002078767323941
CTCTGGTCACGCTGAC-1	CD45neg_d2	4250	1704	7.905882352941177	-0.02687155704890829	-0.021040614654341053	G1	Epithelial	2.0497617865237365	1.0319046710228474
CTGCATCAGGTCTACT-1	CD45neg_d2	3354	1225	5.903398926654741	0.06103497763167845	0.027051225401236417	S	T cell	-14.712041363653265	-2.778179001381442
CTGCCATGTTGTGTTG-1	CD45neg_d2	4999	1754	12.28245649129826	0.07300243821986518	0.011181383261985561	S	T cell	-13.676530346807562	-2.539043974449679
CTGCGAGCAAATACAG-1	CD45neg_d2	749	499	0	-0.04856935151301036	0.020763760406098376	G2M	Epithelial	2.9300103331240783	1.225269857475713
CTGGCAGAGAAATCCA-1	CD45neg_d2	2122	988	3.8642789820923658	0.14663687697873967	-0.07904533124907813	S	T cell	-15.201845631536566	-1.8960164304280727
CTGGTCTCAACTTGGT-1	CD45neg_d2	2378	992	2.859545836837679	-0.012795512528951468	0.0054046223991962294	G2M	B cell	-0.5950718974438538	-12.718459438850925
CTGTACCCAGACCGCT-1	CD45neg_d2	2490	1259	1.6465863453815262	0.03577778892347394	0.027088882256665656	S	T cell	-14.81922291272553	-1.2958172078633754
CTGTACCTCAAGAGGC-1	CD45neg_d2	1935	827	4.8062015503875966	-0.046985200747041427	0.05268591191927972	G2M	T cell	-15.503951535162054	-2.3698201890492885
CTGTACCTCGGCATAT-1	CD45neg_d2	571	295	5.954465849387041	-0.03155303464543984	0.015472598778599848	G2M	Marco_LEC	4.076429381433405	2.171999621818021
CTGTGGGTCATGCGGC-1	CD45neg_d2	7907	2745	0.8852915138484886	-0.07117932848401906	-0.02241535901975439	G1	Ptx3_LEC	4.877168192926325	5.539729762504056
CTTACCGAGAAGAGCA-1	CD45neg_d2	599	468	4.674457429048414	-0.045491124203650875	0.011778136552079863	G2M	Marco_LEC	6.8761601591738835	7.6382819895243195
CTTACCGCAAGACCTT-1	CD45neg_d2	2207	1319	4.395106479383779	-0.08781716996173165	-0.04497393031171934	G1	cLEC	6.694152369562067	7.707175898978665
CTTACCGGTATCCCTC-1	CD45neg_d2	2037	964	5.10554737358861	-0.06341656712181017	8.31371671565509e-4	G2M	B cell	-1.3878881191578736	-13.322704624702975
CTTCCGAAGTACTGGG-1	CD45neg_d2	21849	4625	3.5424962240834823	-0.08709531532855093	-0.029863186763849844	G1	Epithelial	2.5740227842959533	-0.8762039657140225
GAAATGACAATCCAGT-1	CD45neg_d2	4853	1818	6.058108386565012	-0.010787994778083468	-0.06872007808666855	G1	Marco_LEC	6.373069300714411	3.6841930632090123
GAAGGGTAGGCCTGCT-1	CD45neg_d2	37553	5000	3.40585306100711	0.2975955443220908	0.7249242306785554	G2M	B cell	6.52514792925445	7.0395929102396515
GAAGTAATCTGAGGCC-1	CD45neg_d2	7046	2977	4.612546125461255	-0.03265739086898092	-0.05950049774239892	G1	cLEC	6.698239817682184	8.478715110251859
GAATAGACATCGGTTA-1	CD45neg_d2	18574	4223	2.729622052331216	-0.0477770313143068	0.005132093855349268	G2M	Epithelial	3.238847270074762	-0.18876559691672024
GAATCACTCGCTGATA-1	CD45neg_d2	2395	956	2.2964509394572024	-0.019789811802001636	-0.01857237029743112	G1	B cell	-1.5470790123310914	-13.828831982185886
GACACGCGTACCGTGC-1	CD45neg_d2	6961	2473	4.539577646889815	-0.04065958078770332	-0.06498507551133925	G1	cLEC	7.517415537897028	8.26927678627725
GACCCAGCACCAAATC-1	CD45neg_d2	12453	3983	2.7945073476270776	-0.03275606322071932	-0.07627952018750699	G1	cLEC	5.9327726507815495	8.064045596549466
GACGCTGAGCGTGAAC-1	CD45neg_d2	8485	2727	6.588096641131408	-0.06891530032806954	-0.05836812034488779	G1	Epithelial	2.370920672479547	1.2168324921822102
GACGTTAGTTTACCAG-1	CD45neg_d2	7209	2321	2.4830073519212092	-0.01173447485085291	-0.014594259084493369	G1	Ptx3_LEC	6.540327563348688	3.6828886751627476
GACTATGTCTCTGGTC-1	CD45neg_d2	2945	1152	5.738539898132427	0.011148644061261224	0.02243118743798725	G2M	T cell	-15.408928379949652	-1.2857042069936244
GACTCAATCTTGGTCC-1	CD45neg_d2	527	369	7.590132827324478	-0.04302239174644419	-0.0546973331115335	G1	Marco_LEC	4.139345660272516	2.49518375439401
GACTTCCGTTGACTGT-1	CD45neg_d2	5129	2210	6.882433222850458	-0.035754910848783586	-0.06943766929523397	G1	cLEC	4.997577204767145	6.664618182609036
GAGACTTGTCAGGCAA-1	CD45neg_d2	1490	772	0.1342281879194631	0.007539969971233358	-0.06132393817184058	S	Marco_LEC	5.587049498620905	3.2023932222818883
GAGAGGTAGTCGCCAC-1	CD45neg_d2	632	425	9.81012658227848	0.019644687272800575	-0.0558423312830628	S	B cell	-1.4490401601162781	-12.311070751717136
GAGCTGCGTTGATGTC-1	CD45neg_d2	23286	4670	4.663746457098686	-0.04494050658378705	0.004567880626904136	G2M	Epithelial	2.119904532495416	-1.4988837953114955
GAGGCCTCATGCAGCC-1	CD45neg_d2	15779	3907	2.173775270929717	-0.046292512958705	-0.07552507435855113	G1	Epithelial	-2.2760592555371155	-0.11143429236654934
GAGTCTACATTGACTG-1	CD45neg_d2	4471	2013	11.831804965332141	0.06254660559516424	0.015703442847870147	S	cLEC	6.586941256585993	7.743098426291898
GAGTTACAGAGCCGTA-1	CD45neg_d2	3242	1691	6.415792720542875	-0.06932662417172059	0.00466523425082839	G2M	Ptx3_LEC	5.020093455377497	6.287631202170804
GATAGCTAGGACACTG-1	CD45neg_d2	14883	4250	14.580393737821677	0.009500460163910762	-0.03996200688511556	S	Epithelial	1.1348321581515441	2.2365190271830113
GATCAGTAGTCGCCCA-1	CD45neg_d2	3245	1154	3.050847457627119	0.14352038190567215	-0.05175621221384842	S	T cell	-15.535480008062445	-1.844308924248263
GATCAGTCAAGTGCTT-1	CD45neg_d2	1716	866	4.020979020979021	0.04101777510961276	0.009841704687820071	S	T cell	-15.24314926618012	-2.3218329663777797
GATCAGTTCGCCTATC-1	CD45neg_d2	20274	4710	5.933708197691625	-0.001658397589856253	-0.012638744815072489	G1	Epithelial	0.7216015005740295	2.3451296572184117
GATGAGGCAGCTCCTT-1	CD45neg_d2	1608	848	3.109452736318408	0.03322957418827921	-0.06069837679927686	S	B cell	-1.7217217242089142	-13.709421467354343
GATGATCTCATCACCC-1	CD45neg_d2	21194	4585	4.038878927998491	0.019740830878254442	-0.0031257488732460703	S	Epithelial	1.0417347098025451	-0.6894140954518765
GATGCTATCAGATTGC-1	CD45neg_d2	17163	4136	3.6532074812095785	-0.08397860469313947	-0.02772743739284242	G1	Epithelial	2.704891219201959	1.0178179439699204
GATTTCTGTAGACACG-1	CD45neg_d2	26935	4992	4.069055132726935	-0.08523628761309013	0.004974943149086863	G2M	Epithelial	1.8744552279147277	-1.606454920342013
GATTTCTTCTGGGAGA-1	CD45neg_d2	4473	1672	4.560697518443997	0.0544698939892502	0.0729958936797608	G2M	B cell	-0.8173663472500672	-13.87288505988364
GCACGTGGTAATGCGG-1	CD45neg_d2	6897	2841	4.001739886907351	-0.049726510381366204	-0.030530802302364574	G1	cLEC	5.94456292635528	8.260999370048001
GCAGCCATCTATCGGA-1	CD45neg_d2	3161	1231	4.2708003796267	0.10041171651504367	0.10524658697489414	G2M	T cell	-15.442152485784613	-2.7626372094655482
GCAGGCTCATAACTCG-1	CD45neg_d2	2140	953	5.514018691588785	-0.0085908759384862865	0.006128321006570764	G2M	B cell	-1.6581420456734528	-13.646996807625339
GCATCGGGTTCGGTTA-1	CD45neg_d2	2429	1048	1.9761218608480857	0.012531028081199047	0.08615164583948451	G2M	T cell	-15.760685429510199	-2.183426689674899
GCCAACGGTTGAGGAC-1	CD45neg_d2	10399	3099	2.5867871910760654	0.012152594611109402	-0.016101578846012737	S	Epithelial	-2.237750188049399	0.05204443974252049
GCCATGGAGGTCACAG-1	CD45neg_d2	2777	1232	10.9830752610731	-0.07016439683704893	-0.05386828669653192	G1	Epithelial	2.172819628778375	0.8702239726280719
GCCATGGTCCGCAACG-1	CD45neg_d2	14619	4566	5.068746152267597	-0.05743758947925243	-0.06164892266014978	G1	cLEC	7.006701006952204	8.418018508384183
GCCCGAACACTCCGAG-1	CD45neg_d2	4222	1526	4.523922311700615	0.03063218766646307	0.048570175615545955	G2M	B cell	-0.759355411466681	-14.151818584969089
GCCGATGTCTTTCAGT-1	CD45neg_d2	3952	1631	3.3906882591093117	-0.031714428479387435	-0.04778738378696031	G1	Marco_LEC	6.440259471002497	3.5157016996836217
GCCGTGAGTGTGTCCG-1	CD45neg_d2	3343	1628	6.251869578223153	-0.042428648673735664	-0.023051022806064483	G1	cLEC	7.1696620131167546	6.597732234427884
GCGAGAAAGAGGTATT-1	CD45neg_d2	24026	4911	7.43361358528261	-0.05100404093380839	-0.043052126124366416	G1	Epithelial	2.142381682458795	-1.4850424047017543
GCGGAAACAATTGGTC-1	CD45neg_d2	18870	4013	4.578696343402226	-0.01841784911685712	0.024572692829040316	G2M	Epithelial	3.476015582147516	-0.3616765256429165
GCGGAAACACATACTG-1	CD45neg_d2	7512	2899	10.103833865814696	-0.049492049932353566	-0.024582872934283975	G1	cLEC	6.338064684930719	8.630380320975735
GCGTTTCCAGGGAGAG-1	CD45neg_d2	639	415	3.755868544600939	-0.03542264513476185	0.07593882263360185	G2M	B cell	-0.4888908719387879	-13.591976475288913
GCTTTCGTCAGTAGGG-1	CD45neg_d2	2400	1233	0.25	-0.03927591938465019	0.001298711460530802	G2M	Marco_LEC	5.617966666284479	3.9660579447245152
GGAACCCGTCCAGGTC-1	CD45neg_d2	10506	3483	3.712164477441462	-0.06397782900861913	0.04333187380258488	G2M	cLEC	6.044661059442438	8.276755500266507
GGACGTCGTGGTTTGT-1	CD45neg_d2	3577	1352	1.9849035504612804	-0.03561571471701882	-0.0175172974222862	G1	T cell	-14.122087941106878	-2.4237986321950404
GGCTTTCCACCTATCC-1	CD45neg_d2	25180	4903	4.130262112787927	-0.0071253421025282565	-0.07225888231684997	G1	Epithelial	3.0933032179507385	-1.3839774842763393
GGGAAGTAGCTCCCTT-1	CD45neg_d2	4663	1846	2.6592322539137894	0.048006502736386486	0.004104774577463319	S	T cell	-12.881379589971624	-1.953763317635104
GGGACCTAGCTCTTCC-1	CD45neg_d2	709	448	0	0.3617245466764971	0.16920716052537915	S	Marco_LEC	3.1172976637515197	1.7302310947870763
GGGCCATTCATGGATC-1	CD45neg_d2	18196	4104	3.4458122664321826	-0.020492536284317797	0.28397564409320636	G2M	Ptx3_LEC	7.3099675322207585	5.478645015189603
GGGCGTTAGATACATG-1	CD45neg_d2	4077	1200	5.322541084130488	0.019898693566890377	-0.041479778864643796	S	T cell	-14.803042874273382	-1.825521778633639
GGGCTCACAGCACACC-1	CD45neg_d2	2400	1090	5.666666666666666	0.09006526532870972	-0.06284200427281117	S	B cell	-1.9886103687551846	-13.763259243538425
GGGCTCATCTGAGTCA-1	CD45neg_d2	24056	4954	3.4253408713002997	-0.032666439797048724	-0.03015292524231561	G1	Epithelial	0.6673121596011291	2.231253910491422
GGGTATTCATGACCCG-1	CD45neg_d2	1695	795	5.781710914454277	-0.004428941717652485	0.034155393575783274	G2M	B cell	-1.2048240756359925	-14.069896053841159
GGGTATTGTCTACACA-1	CD45neg_d2	18516	4768	2.8245841434435084	0.008026359503708447	-0.10320503670240698	S	Ptx3_LEC	7.1416373396548405	4.925832915732816
GGGTCACAGCGGTAAC-1	CD45neg_d2	1375	747	3.272727272727273	0.0427249324122065	-0.0685125615636077	S	Marco_LEC	5.3823390150698796	3.1507324461435826
GGGTCACTCGAATGCT-1	CD45neg_d2	3528	1199	3.7698412698412698	0.059544477790975395	0.014904847670263316	S	T cell	-15.330258831914984	-1.499136042168185
GGGTCTGAGTCGCGAA-1	CD45neg_d2	3454	1216	5.385060799073537	0.009177732755353642	-0.0350769178171044	S	T cell	-14.677614674505316	-1.9568494077229945
GGGTTTATCAAAGGTA-1	CD45neg_d2	5484	2304	10.703865791393143	-0.014002762968509233	-0.027101344781308725	G1	cLEC	7.181562914911188	7.69818131966348
GGTAATCGTGGTCTAT-1	CD45neg_d2	16799	4392	5.000297636764093	-0.05440087815445546	-0.070177073516629	G1	cLEC	7.553954615655817	8.146466422507718
GGTGTCGCACTAGGTT-1	CD45neg_d2	9809	3103	6.830461820776837	-0.0351809356911702	0.03215554486978947	G2M	Epithelial	1.5023334170016418	1.638514686057523
GGTGTCGTCCGCTTAC-1	CD45neg_d2	3708	1398	3.2632146709816614	0.07572624064456425	0.043021778066294314	S	T cell	-13.677225575384222	-2.243417572548434
GGTTCTCGTGAATGTA-1	CD45neg_d2	15528	4002	6.594538897475529	-0.007204195894301463	-0.029250404904666738	G1	Epithelial	0.923953070703424	2.4436942820047887
GTAACACCACGACAGA-1	CD45neg_d2	18912	4106	4.843485617597293	-0.02276398989895377	0.004722851559300245	G2M	Epithelial	3.358314051690973	0.03278003973717991
GTAACACCAGATCATC-1	CD45neg_d2	2599	1037	3.001154290111581	0.060007312253667205	-0.03327644911764355	S	B cell	-0.9955538367596497	-13.352022480537936
GTAAGTCAGAGTTGCG-1	CD45neg_d2	597	378	7.370184254606365	-0.04133949767420124	0.0626736459173938	G2M	B cell	-0.9562790250149598	-12.388945889046237
GTAAGTCTCCTTCAGC-1	CD45neg_d2	2497	1088	3.8045654785742893	0.09696562956063882	0.037189335501290874	S	T cell	-15.975995526250921	-2.2051006074452846
GTAATCGCAGTAACAA-1	CD45neg_d2	10352	3532	5.081143740340031	-0.10666575296197292	-0.004871318486490472	G1	cLEC	6.225928797784723	8.249326873252347
GTAATCGGTCTGTTAG-1	CD45neg_d2	8352	3215	2.5622605363984676	-0.039318044983069275	0.04327023170894967	G2M	Ptx3_LEC	5.630851283136286	5.1832625154947785
GTACAGTCAGCAGACA-1	CD45neg_d2	5758	1986	3.0045154567558177	-0.03590870688888995	-0.08349713835467018	G1	Ptx3_LEC	6.601985468927301	4.299701857993558
GTAGAGGAGACTTCGT-1	CD45neg_d2	3885	1460	4.221364221364221	0.05200832291598312	-0.035398563057448665	S	Ptx3_LEC	5.112989440027155	4.420046973655179
GTAGAGGCAAGCGAGT-1	CD45neg_d2	929	644	0.9687836383207751	0.07420063422834075	0.10226441698716787	G2M	T cell	-11.789782032903753	-1.5973249192738979
GTAGGAGAGTAGGTTA-1	CD45neg_d2	3799	1729	3.5272440115819954	0.11384476129240474	0.050517646605460126	S	T cell	-15.786562428411566	-1.4832502122426479
GTAGGTTCACATGAAA-1	CD45neg_d2	2487	1001	1.8094089264173705	0.002840073825641422	0.14577940221287464	G2M	B cell	-0.04547248834046025	-13.210530590584323
GTATTGGCAACAACAA-1	CD45neg_d2	11536	3260	4.689667128987518	-0.06253764764238028	-0.03357280582510419	G1	Epithelial	1.5998535299929748	0.8648070131039173
GTCAAACCACTGGATT-1	CD45neg_d2	20944	4639	6.803857906799084	-0.011111228587216498	-0.03712174900166931	G1	Epithelial	0.568350567880548	2.355636644790128
GTCACTCAGCGGGTTA-1	CD45neg_d2	2045	947	4.987775061124694	0.03680901938598428	-0.024137345970205254	S	B cell	-1.6484294092026581	-14.060292553474948
GTCAGCGGTTATGTGC-1	CD45neg_d2	4735	1463	8.299894403379092	-0.02837366527724751	0.06068802840312072	G2M	B cell	-1.4491729592648377	-13.158917736580417
GTCATCCCACAGCATT-1	CD45neg_d2	1466	794	7.3669849931787175	0.09530759654769691	0.039067299663399974	S	T cell	-15.48221062177094	-1.4022036309743373
GTCATGAGTGGCTGCT-1	CD45neg_d2	4151	1997	5.5167429535051795	-0.10669238871462035	0.011524784445940073	G2M	cLEC	7.067395701471247	8.119829822013333
GTCATTTCAAAGCACG-1	CD45neg_d2	7907	2112	4.628809915264955	0.09879833693116087	-0.003522661152113693	S	B cell	-1.4237643932667603	-13.098203968575046
GTCCACTCAATACGCT-1	CD45neg_d2	2454	1010	4.4824775876120615	0.021081207571790495	-0.04247854305038012	S	T cell	-15.115350232061468	-1.6508973355794399
GTCCCATAGCCTCATA-1	CD45neg_d2	15557	4013	5.836600887060487	-0.07074339363672111	-0.06534422808256113	G1	Epithelial	1.0920722628268371	1.8080287460779698
GTCCCATAGGACTGGT-1	CD45neg_d2	19130	4340	7.292211186617878	9.017415799539019e-4	-0.07038592683323464	S	Epithelial	1.2317590857180725	-1.0040781016850917
GTCGTTCTCAAGCCGC-1	CD45neg_d2	952	579	2.100840336134454	-0.0392876238646471	-0.002302064567310108	G1	Marco_LEC	5.5308985853823796	3.4599529985880406
GTCTACCGTGTTAACC-1	CD45neg_d2	8844	2935	4.545454545454546	-0.06766266957222455	-0.08278581046541528	G1	Epithelial	-2.518634126123511	-0.2587970014119595
GTCTAGAAGGGAGGAC-1	CD45neg_d2	24655	4968	5.946055566822146	-0.03711191226943099	-0.024739260514326608	G1	Epithelial	0.49700023180571895	2.4406462196802647
GTCTCACCAAGGACAC-1	CD45neg_d2	861	546	2.4390243902439024	-0.03981181717342059	0.0573652026468707	G2M	Marco_LEC	3.092640414300836	2.1549462561106236
GTCTCACTCATGGGAG-1	CD45neg_d2	20410	4678	6.006859382655561	-0.039660522356127687	-0.002344388834142813	G1	Epithelial	2.8161502028140197	0.7302269224619419
GTCTCACTCCTACCAC-1	CD45neg_d2	17625	4017	3.5971631205673757	0.0063664421856412245	-0.014640704896741977	S	Epithelial	2.880183234277643	0.6644896451925785
GTCTGTCAGCCTCATA-1	CD45neg_d2	16447	4217	11.844105307958898	-0.0995686705942152	0.007542480776084437	G2M	Epithelial	1.403964057031549	0.12716083569283787
GTCTGTCAGCGTATGG-1	CD45neg_d2	8950	3219	2.905027932960894	0.10693085036338965	0.007625721084668247	S	cLEC	5.829440608087458	8.122212577292874
GTGACGCGTACTTGTG-1	CD45neg_d2	1426	772	8.976157082748948	-0.050606016412050314	-0.048730009330898695	G1	Epithelial	2.2761907721194397	1.117589313218549
GTGAGCCTCCCGTTGT-1	CD45neg_d2	1911	873	5.86080586080586	0.06601982845567589	0.0934506391850697	G2M	B cell	-0.328706726965033	-13.686585735847995
GTGAGCCTCGGTTAGT-1	CD45neg_d2	3484	1218	3.1285878300803676	-0.006374316497908844	0.11274666116322726	G2M	T cell	-13.058878407415472	-2.015357088615939
GTGCAGCCACGATTCA-1	CD45neg_d2	1816	980	2.5881057268722465	0.2141889747742981	0.030778027710540765	S	T cell	-14.346048817571722	-2.3817528005147426
GTGCAGCCATAATCCG-1	CD45neg_d2	740	494	2.9729729729729732	-0.03131719501577115	-0.04896719177293927	G1	Marco_LEC	4.922001376214899	3.205211568305448
GTGCAGCGTTTGGGTT-1	CD45neg_d2	6314	2469	2.6607538802660753	-0.055702038714464615	-0.05315905503998805	G1	Ptx3_LEC	5.5641884947451725	4.7982012514566925
GTGCTGGGTCATCGCG-1	CD45neg_d2	24354	4878	3.7037037037037033	-0.048015630843116885	0.006796182239297455	G2M	Epithelial	2.530452265802301	-1.4012296910787074
GTGCTTCTCCGTATGA-1	CD45neg_d2	21196	4348	4.283827137195698	-0.03869836810592507	-0.00898793013594748	G1	Epithelial	3.009608283105768	-1.1444478745961635
GTGGAGATCAACCTTT-1	CD45neg_d2	8793	3266	1.933356078698965	0.1326694882484754	-0.03005981602705826	S	Ptx3_LEC	5.71360064989654	4.860667872855618
GTGGTTAAGATTAGCA-1	CD45neg_d2	12990	4186	3.841416474210931	0.43789387900436116	0.47401621829767027	G2M	cLEC	6.3404898787173405	8.169438052604153
GTGTGATAGCGCCGTT-1	CD45neg_d2	7126	2948	4.981756946393489	-0.14110434883883596	-0.04812244058341483	G1	cLEC	5.504694476190485	7.320066619346097
GTGTGATTCGGCTTCT-1	CD45neg_d2	6285	2021	5.027844073190135	0.0655976836969054	-0.011529666905888497	S	B cell	-1.5039956425991883	-12.692035984566257
GTGTGGCGTGGGTTGA-1	CD45neg_d2	3505	1243	6.019971469329529	0.04106517985411159	-0.01640637504483554	S	T cell	-14.126023755010687	-2.6290627236867397
GTGTTCCGTGTTAGCT-1	CD45neg_d2	13961	4109	13.01482701812191	-0.05948632880925514	-0.04821150542680426	G1	Epithelial	0.9198439264926086	2.205087590644315
GTTACAGGTGGAGAAA-1	CD45neg_d2	1323	726	1.9652305366591083	-0.013383760518996292	-0.06044746669593486	G1	Marco_LEC	3.9029774809512268	0.9877547390369624
GTTACCCGTTCTCTCG-1	CD45neg_d2	1701	977	1.5873015873015872	0.07743252000150258	-0.006597507575751171	S	T cell	-12.125719532903753	-1.7819104905629604
GTTCGCTGTAGTTAGA-1	CD45neg_d2	14450	3526	3.6193771626297577	0.006162922702196025	-0.007168007953907388	S	Epithelial	3.1131215239199768	0.4881306175684482
GTTCGCTGTTGGGACA-1	CD45neg_d2	639	453	0.4694835680751174	-0.030811449427689794	-0.05597077201175211	G1	Marco_LEC	4.53529836184112	2.6627322916483434
GTTGAACCATCTGCGG-1	CD45neg_d2	1781	701	1.0106681639528354	0.006203358007621236	-0.004238702113269349	S	Marco_LEC	3.470081343713678	2.363462973067716
GTTGCTCAGCGTTGTT-1	CD45neg_d2	21758	4837	5.368140454085854	-0.054465724885678024	-0.0062920406031392595	G1	Epithelial	1.338825240198053	-0.8477966304326504
GTTTGGAAGCCAGTAG-1	CD45neg_d2	20740	4440	4.85053037608486	-0.06614207046352907	-0.038494470871824074	G1	Epithelial	2.2923956061038147	-1.032855581810519
GTTTGGACAACGTAAA-1	CD45neg_d2	2329	1136	4.293688278231	-0.01612161154133282	-0.043550367838410084	G1	B cell	-1.9649564442900052	-13.926109623482272
TAAGCACGTTACGGAG-1	CD45neg_d2	3354	1342	5.008944543828265	-0.006325806069268927	-0.057143630992682506	G1	Ptx3_LEC	4.863169684472956	5.25180451912637
TAATCTCCAGACACAG-1	CD45neg_d2	4118	1341	3.6668285575522095	0.01037072979073149	-0.0075516503699197685	S	B cell	-1.2119988655415406	-13.044954609444186
TAATTCCAGAATGTTG-1	CD45neg_d2	27096	4948	4.140832595217006	0.011005434790642962	-0.030842669027909414	S	Epithelial	2.2721920157107482	-1.6466329808736293
TACAACGCAACAAGTA-1	CD45neg_d2	7103	2458	1.3796987188511898	0.04263294722481205	0.24887251095782956	G2M	Ptx3_LEC	5.486595645013727	4.749112058112576
TACATTCCAGCTTTGA-1	CD45neg_d2	3235	1221	4.296754250386399	0.00867421959338363	0.04095203609126688	G2M	B cell	-0.8827707623806824	-13.889529537727878
TACCCACGTACCTAGT-1	CD45neg_d2	757	512	5.9445178335535	0.08027747900349971	0.060140054012279474	S	T cell	-15.891357884344183	-1.819957804253146
TACCCGTCAGTCAACT-1	CD45neg_d2	2166	944	2.4930747922437675	0.0021502271740807405	0.07470980456659324	G2M	B cell	-0.21605335229309697	-13.30232841925864
TACCGAACATCGATAC-1	CD45neg_d2	5358	2027	14.968271743187756	-0.026557647724892795	-0.024798387198886815	G1	Epithelial	1.1319387102755676	2.2740284685587437
TACCTCGAGGAGAGTA-1	CD45neg_d2	12916	3451	3.7240631774543203	-0.1009390829716648	0.030556834353575285	G2M	Epithelial	-2.367860869106375	0.028223681876614726
TACCTGCTCCATTCGC-1	CD45neg_d2	10489	3710	2.583659071408142	0.3332494755279007	0.025869293887524014	S	Ptx3_LEC	5.671350016656794	5.464487243125394
TACGCTCGTGATACCT-1	CD45neg_d2	17475	4233	8.01716738197425	0.2106760948175292	0.11022287545222714	S	Epithelial	1.212179913583673	0.6037194315886051
TACGGTAGTAAGCGGT-1	CD45neg_d2	8288	3007	3.4025096525096528	-0.017514384718149437	-0.03642710054317569	G1	Ptx3_LEC	5.697380080285944	5.2732917551493195
TACGTCCGTATCGTAC-1	CD45neg_d2	10749	3376	2.6607126244301798	-0.036920715230673445	-0.03329632298817403	G1	Ptx3_LEC	7.283041491571344	5.612159419486478
TACGTCCTCACCATAG-1	CD45neg_d2	17657	4780	4.406184516055955	-0.0019557866271887603	-0.0076660832147126545	G1	cLEC	6.478845133844294	8.525434184501126
TACGTCCTCCAGTACA-1	CD45neg_d2	2505	1313	1.0778443113772456	0.03191326878774556	-0.08962262638251413	S	Marco_LEC	4.339797034326471	2.9989725832438023
TACTGCCAGAGCAACC-1	CD45neg_d2	982	565	14.663951120162933	-0.04893590781748612	0.003785528175901526	G2M	Marco_LEC	5.8214492941531315	3.7496673349833043
TACTTACCAGCGAACA-1	CD45neg_d2	2849	1093	2.211302211302211	0.10231751362640333	0.03911197802305004	S	T cell	-15.983073697027288	-2.3515172715688197
TAGACCACACAAGCCC-1	CD45neg_d2	617	451	0.48622366288492713	0.021158466674404693	-0.05028117342057819	S	Marco_LEC	4.352629199090876	2.4285867695307286
TAGACCATCTGTAACG-1	CD45neg_d2	1441	631	0.13879250520471895	0.019440012261756456	-0.056997097421337926	S	Marco_LEC	3.569794192377008	2.4368498806452306
TAGAGTCGTTTCCCAC-1	CD45neg_d2	3643	1713	2.4704913532802633	-0.04358930704009695	-0.058437277084655424	G1	Ptx3_LEC	4.793391718927301	5.640083957145169
TAGCACATCTGTAAGC-1	CD45neg_d2	8030	2059	3.6986301369863015	0.022501888751720434	-0.0027470242490260643	S	T cell	-13.783306584295355	-2.548964094688937
TAGGAGGGTTGAGGAC-1	CD45neg_d2	17004	4056	8.668548576805456	-0.029904639526707022	-0.04187338711678397	G1	Epithelial	2.794119372430719	-0.14426798777823147
TATCGCCAGCCTGACC-1	CD45neg_d2	737	411	0	0.03161431379041438	-0.0484827271222645	S	Marco_LEC	3.725337519708551	0.8653891791200191
TATCGCCGTTTCTATC-1	CD45neg_d2	3749	1756	3.4409175780208057	-0.046159241995201244	-0.07190917983912688	G1	cLEC	5.9017787123355046	8.768824744651273
TATCTGTGTTACGGAG-1	CD45neg_d2	2551	988	0.7840062720501764	-0.02192256118538847	0.007261450290041445	G2M	B cell	-0.36338470929535527	-13.147975277473972
TATCTTGGTCCTACGG-1	CD45neg_d2	11810	3650	12.303132938187975	-0.09230148172587124	-0.0917181169635842	G1	Epithelial	1.213285460534967	1.9540368799662144
TATCTTGTCCTACACC-1	CD45neg_d2	2815	1147	2.984014209591474	0.08221529497315858	-0.014704664030787934	S	B cell	-1.2724258159962525	-13.505985569527194
TATTGCTGTCATCCGG-1	CD45neg_d2	792	566	1.6414141414141417	-0.03835908670761393	-0.0023639774644959727	G1	Marco_LEC	4.904904379907526	4.310842919776395
TATTGGGTCTGCTTAT-1	CD45neg_d2	9371	3173	2.934585423113862	-0.01489826769236012	-0.03945374318962927	G1	Ptx3_LEC	4.9217534208926335	5.9702898745035675
TATTTCGCACAAATCC-1	CD45neg_d2	12417	3600	2.3918820971249097	0.06535663539772896	-0.04314416694786315	S	Ptx3_LEC	5.284117236200251	4.90099566025491
TCAAGCAAGGGAGTGG-1	CD45neg_d2	1490	762	12.348993288590604	0.09506949467886366	-0.0686519422641078	S	B cell	-1.6683163797226777	-12.42893917517905
TCAAGCACAATACCTG-1	CD45neg_d2	20498	4818	5.6737242657820275	-0.05554424112523748	-0.05875036375698729	G1	Epithelial	2.677575125757135	-1.1418016667867152
TCAAGCACAATGTCAC-1	CD45neg_d2	3100	1189	3.9677419354838714	-0.05147448961268491	0.0541586611148764	G2M	T cell	-15.344928250249945	-2.0786822553182094
TCAAGCATCTAACGGT-1	CD45neg_d2	1725	1045	2.782608695652174	-0.024625434889071922	0.008475125760478347	G2M	Marco_LEC	5.314914240899958	3.9172581915354283
TCACAAGGTTGCGGAA-1	CD45neg_d2	17715	4228	3.8837143663561955	-0.10022452223101158	-0.03048320985519494	G1	Epithelial	2.82569552904693	0.9223302934860736
TCACACCTCTCATTGT-1	CD45neg_d2	765	481	2.091503267973856	-0.028842826409231574	0.02297724713309706	G2M	Marco_LEC	5.430583014551081	3.109290767142728
TCACACCTCTGGCCAG-1	CD45neg_d2	18450	4149	8.823848238482384	0.02206354085080299	-0.018878482149560546	S	Epithelial	0.5119128370913635	2.6099498753046544
TCACATTTCGCCGAAC-1	CD45neg_d2	667	344	13.343328335832084	0.037032837322135276	-0.038674321229634274	S	Marco_LEC	4.367172255578913	2.212034988830045
TCACGCTTCGCTTAAG-1	CD45neg_d2	1220	545	0.49180327868852464	-0.04340529003081329	0.06154698402355099	G2M	Marco_LEC	2.873850359979547	1.7556828741526158
TCATACTTCATCCTAT-1	CD45neg_d2	1949	938	2.719343252950231	0.12262542189709	0.12498450965525122	G2M	T cell	-15.882676587041937	-2.5321453328633754
TCATTCAAGGAGTCTG-1	CD45neg_d2	6908	2813	5.529820497973365	-0.02378401583933526	-0.027988784113712223	G1	cLEC	6.117001071039118	8.688086200187161
TCATTCATCCATCAGA-1	CD45neg_d2	2710	1234	5.424354243542435	-0.04545325110921303	0.025577092762084475	G2M	T cell	-14.671431050237738	-2.4447851892018764
TCATTCATCCGATGTA-1	CD45neg_d2	19220	4370	3.272632674297607	0.022106710744622754	0.07060958105979004	G2M	Epithelial	1.7282729292544494	-0.3572326417470425
TCATTGTAGTCGTTAC-1	CD45neg_d2	2021	919	4.453240969816923	0.026362817625831432	0.010239431736362825	S	B cell	-1.3466309761372437	-13.650464367439792
TCCACCAGTATAATGG-1	CD45neg_d2	17140	4808	3.3663943990665115	-0.06170536904481304	-0.04083727371463	G1	cLEC	7.209857478204645	8.183540988395169
TCCATCGAGGCCCAAA-1	CD45neg_d2	5947	2669	3.346224987388599	-0.020303543111727537	-0.09970520318646334	G1	cLEC	5.348660006585993	7.221894908378079
TCCCAGTCACCGAATT-1	CD45neg_d2	4292	1842	2.096924510717614	0.0038681961909330514	0.01640157013697842	G2M	Ptx3_LEC	6.573793902460016	6.1543976549601105
TCCCATGCATTAGGCT-1	CD45neg_d2	10982	3807	7.293753414678565	-0.05640069086434969	-0.09441685522459893	G1	cLEC	5.236262335840143	6.773199725577786
TCCGAAAAGGCGTTGA-1	CD45neg_d2	4727	1780	2.4539877300613497	0.05085818388596809	0.029609678601339673	S	T cell	-12.074533924993597	-1.6043835397267787
TCCGATCGTACAAGTA-1	CD45neg_d2	2733	1157	7.4643249176728865	0.009588541045234489	0.009710109706209391	G2M	B cell	-1.6534610843029847	-13.17260487036948
TCCGATCGTGAGACGT-1	CD45neg_d2	12401	3393	5.588259011370051	-0.021360686487997493	-0.020562977552188347	G1	Epithelial	2.5218658590945373	0.6937738244032413
TCCGATCGTTGGACTT-1	CD45neg_d2	7613	3013	4.781295153027716	-0.05356117422267137	-0.0019531531118394674	G1	cLEC	6.2749028349551335	8.601710010001614
TCCTCCCCATGGCTGC-1	CD45neg_d2	2209	880	2.3540063377093707	0.12518549481379107	0.058913668331110475	S	T cell	-15.59284351819428	-2.788173031380221
TCCTCTTAGTAGTCTC-1	CD45neg_d2	11308	3436	2.812168376370711	0.004235982445220235	-0.04955466174013866	S	Ptx3_LEC	7.136106028619684	5.584898162314847
TCCTCTTGTATCGCGC-1	CD45neg_d2	756	445	11.507936507936508	0.02417610357854226	0.014162672551753346	S	Marco_LEC	4.75279046541778	4.888710904548123
TCCTTCTCAGCAGATG-1	CD45neg_d2	7098	2799	6.593406593406594	-0.011576697688052265	-0.059409243076363125	G1	cLEC	6.437658801141657	8.239571738669827
TCCTTTCCAAGACTGG-1	CD45neg_d2	662	491	1.2084592145015105	-0.039953634662350794	-0.0411464510413579	G1	Marco_LEC	4.622726931634821	5.12109916252847
TCGAAGTGTTCCTTGC-1	CD45neg_d2	2010	842	3.880597014925373	-0.005568444221714167	0.018926270577012162	G2M	B cell	-0.7463691090908875	-13.41315205054526
TCGACCTCATCCGGCA-1	CD45neg_d2	1313	517	12.033511043412034	-0.04863168035177626	-0.02351952693041634	G1	Marco_LEC	4.253903880182184	1.5213563327288182
TCGACGGCAACAAGTA-1	CD45neg_d2	2596	1019	4.583975346687211	-0.04657232592197933	-0.02591933964201669	G1	T cell	-13.388386235174261	-1.9791486974263637
TCGACGGTCATCGACA-1	CD45neg_d2	6025	2307	3.103734439834025	-0.0674263006239419	-0.02713113063060707	G1	Epithelial	-1.6277734195557465	0.1422432546114475
TCGCACTCATAGCACT-1	CD45neg_d2	1814	874	6.229327453142227	0.09580182505374155	0.07913845025033871	S	B cell	-0.4259483670559754	-13.255241703560397
TCGCACTGTTGGGAAC-1	CD45neg_d2	4959	2205	4.3557168784029034	-0.027301308622777742	-0.015709366710420586	G1	Ptx3_LEC	6.39545871264068	6.066889453360989
TCGCAGGGTCCGAAAG-1	CD45neg_d2	7241	2206	2.6653777102610134	0.04192821033324491	0.036706699982348184	S	T cell	-14.001587376531683	-2.696836065819308
TCGCAGGTCAACCTCC-1	CD45neg_d2	5568	2617	4.436063218390805	-0.07154429673967834	-0.06205999282195472	G1	cLEC	6.491848483148493	8.134703326652005
TCGCTTGAGCCTCAAT-1	CD45neg_d2	8929	3275	5.342143577108298	-0.04381846179671761	0.018629051886749987	G2M	cLEC	6.038750186029352	8.716687846610501
TCGGGCATCTCGGCTT-1	CD45neg_d2	10401	3192	4.701471012402654	-0.01960022384828973	0.019751234649555666	G2M	Epithelial	1.5007758284243713	0.7979521785473377
TCGGTCTAGCTCGAAG-1	CD45neg_d2	14637	4086	2.930928468948555	0.028728862419405615	-0.0027322844445580863	S	Ptx3_LEC	7.11156035906402	5.340922999808743
TCGTGCTAGGTTCAGG-1	CD45neg_d2	829	550	1.8094089264173705	0.013907629489646224	-0.001310781981525691	S	Marco_LEC	5.163341059747614	2.9030205492472203
TCTACCGTCAGAATAG-1	CD45neg_d2	4472	1665	3.9803220035778173	0.05329607950113348	-0.051876773443211906	S	B cell	-1.5814893698063721	-13.218794178535983
TCTATCAAGGATCATA-1	CD45neg_d2	15172	4003	3.7898760875296595	-0.03239218988339719	-0.01463064346499518	G1	Epithelial	-2.2932988261547913	-0.16120142894034084
TCTCACGTCGGTTGTA-1	CD45neg_d2	1340	689	1.3432835820895521	-0.05000448376498391	0.10313963352857865	G2M	B cell	-0.26096294873627324	-13.261371922066257
TCTCACGTCTTACGTT-1	CD45neg_d2	17612	4095	4.235748353395413	-0.061908872793319476	-0.02066316051361003	G1	Epithelial	1.7867632055911193	0.23748414559121434
TCTGCCACACCACTGG-1	CD45neg_d2	9158	2978	4.433282376064643	-0.00573254636439853	-0.0814116306932021	G1	Epithelial	1.947937502923883	0.6506557349657566
TCTTCCTCAGGGACTA-1	CD45neg_d2	11281	3130	11.027391188724405	0.004614267062531194	0.01987059327005354	G2M	Epithelial	-2.5557646011677613	-0.025165032913729513
TCTTCCTGTTCGTACA-1	CD45neg_d2	1334	512	0	-0.039572202404177526	0.003639295582460275	G2M	Marco_LEC	3.9773926878604065	2.0428374294733556
TGAATGCCATCACCAA-1	CD45neg_d2	10568	3301	1.2869038607115821	-0.05877387636755771	-0.01626640105913285	G1	Epithelial	1.603590979638971	1.3722343329882176
TGACCCTCAGCACAGA-1	CD45neg_d2	2602	1066	3.7279016141429673	0.015966528135352376	-0.020003509155855408	S	B cell	-1.4132422065106263	-13.646939587166354
TGACGCGAGACTCATC-1	CD45neg_d2	4720	1417	4.766949152542373	0.0237137595219721	0.012232375403241805	S	T cell	-14.409011349615179	-2.5968335385823695
TGAGGAGAGGAAGTAG-1	CD45neg_d2	9600	3225	2.260416666666667	-0.05672767787770232	-0.07308129780913045	G1	Ptx3_LEC	5.483522906366266	5.1052738909220245
TGAGGAGTCCGTCCTA-1	CD45neg_d2	1962	776	4.230377166156982	-0.05505269560389814	-0.019596788069160348	G1	B cell	-1.6985851084557404	-13.495986294319675
TGAGTCAGTCGGTACC-1	CD45neg_d2	1987	994	7.297433316557625	0.19574726875998044	-0.0024326320683184244	S	B cell	-0.5137538766232361	-13.574472736885593
TGATGGTAGTTACGTC-1	CD45neg_d2	1680	787	15	0.044444353736237945	0.04648345737501204	G2M	Marco_LEC	5.9761662626895085	3.9379960779642613
TGATTTCGTCTAACGT-1	CD45neg_d2	5899	1947	1.746058654009154	0.013974325549407765	-0.0159830828989507	S	T cell	-12.38899944775971	-1.8413217778706996
TGCAGGCTCCGCACGA-1	CD45neg_d2	1884	1174	10.721868365180468	0.03468501750482407	-0.027981519930036364	S	Marco_LEC	5.820776000085749	4.461574244925931
TGCAGTACACTAACGT-1	CD45neg_d2	13783	4583	3.961401726764855	-0.03951873591032021	-0.0469889985713241	G1	cLEC	6.869190707269587	8.30719535393472
TGCAGTACATGCCGAC-1	CD45neg_d2	19968	4477	8.538661858974358	-0.054675885643216515	-0.01572425071936022	G1	Epithelial	1.7333445692690979	-1.0366290326619594
TGCAGTATCAGATTGC-1	CD45neg_d2	12023	3537	3.9424436496714628	-0.025959435329285782	-0.022032781436898158	G1	cLEC	5.921156897607721	7.853954005668118
TGCATGACAAGGTACG-1	CD45neg_d2	14007	3598	4.676233311915471	-0.09494941973180179	-0.01818236010807539	G1	Epithelial	2.773466601434625	1.0867224667763264
TGCCGAGGTTCCTTGC-1	CD45neg_d2	3782	1767	8.2760444209413	-0.05525319578813779	-0.049162725074894345	G1	Ptx3_LEC	6.2392420912417546	4.536476779410794
TGCGGCAAGAGTTGTA-1	CD45neg_d2	10342	2727	2.5430284277702575	-0.04877331212329942	-0.010889221191635906	G1	Ptx3_LEC	6.7436223173770085	4.139206338355496
TGCTCCAGTGCCGAAA-1	CD45neg_d2	2232	1208	1.657706093189964	-0.03833053243310972	-0.10221635279526368	G1	Marco_LEC	6.320974841180719	6.369890857169583
TGCTTGCCAGCCTACG-1	CD45neg_d2	8684	3301	3.91524643021649	-0.07095932685636892	-0.09568841769179151	G1	cLEC	6.932245745721735	8.16475265068765
TGGAGGATCTCTGCTG-1	CD45neg_d2	2981	1462	9.66118752096612	0.08260346668733382	-0.029390358627869317	S	Ptx3_LEC	6.481469645563044	5.931141543815091
TGGATCAGTTCATCGA-1	CD45neg_d2	22554	3632	2.3676509710029263	0.12630123076210703	0.7738946126273256	G2M	B cell	6.348698153558649	7.402969050834134
TGGATGTGTTCTCGCT-1	CD45neg_d2	3544	1453	0.7336343115124153	0.014817176479261077	-0.060666903051413056	S	Marco_LEC	3.7736039305361877	2.5556152348017247
TGGGAAGAGTAAGGGA-1	CD45neg_d2	20805	4449	3.999038692621966	-0.00943800562729237	0.01578673787921206	G2M	Epithelial	3.153330340448297	-0.16406865077261623
TGGGAAGCACGTGAGA-1	CD45neg_d2	7786	2897	0.937580272283586	-0.08439891339076086	-0.07901179880826772	G1	Ptx3_LEC	6.572215571466364	4.765860486457303
TGGGAAGGTTCTCTCG-1	CD45neg_d2	1186	677	0	-0.055328884761760504	-0.07250599453852939	G1	Marco_LEC	4.131161704126276	1.9977722649073155
TGGGAGACACTGCTTC-1	CD45neg_d2	6531	2559	2.572347266881029	-0.04838149510205386	-0.06443326614374824	G1	Ptx3_LEC	5.537737860742487	4.8699995760416535
TGGGATTAGTGCGCTC-1	CD45neg_d2	9751	3728	3.0560968105835298	-0.05480408490910223	-0.08158864962438242	G1	cLEC	7.532612338128962	8.428698707053616
TGGGATTTCGAGTTGT-1	CD45neg_d2	25393	4831	4.595754735557043	-0.030559399896056327	0.008380196032302584	G2M	Epithelial	2.0226740980776916	-1.5142956491017787
TGGGCGTAGTTCGCAT-1	CD45neg_d2	16528	3868	3.1643272023233306	-0.058054839344515816	0.0247249175099421	G2M	Epithelial	-2.3123358344403138	-0.32462353663687404
TGGGCTGTCTCTGCCA-1	CD45neg_d2	6433	1808	4.259288046012747	-0.01763132058884305	0.061905470576979954	G2M	T cell	-13.967210278448187	-2.3542345281148402
TGGTACAAGCGTCTGC-1	CD45neg_d2	1777	1000	1.4631401238041641	-0.0594232846441595	-0.05307953961095278	G1	Marco_LEC	5.834952368799128	3.1697422747110875
TGGTAGTGTATCCCAA-1	CD45neg_d2	18013	4173	3.0755565424970857	-0.08971531000400239	-0.030612029761397125	G1	Epithelial	2.901738181177057	0.9305890236591846
TGGTTAGAGTCTGGTT-1	CD45neg_d2	4171	2107	4.866938384080556	-0.08075822652407319	-0.025872847095735382	G1	cLEC	6.592274203363337	8.637163806388333
TGGTTAGCAGTAACGG-1	CD45neg_d2	5619	1847	3.274604022067984	-0.035653119480275997	-0.021732015806998295	G1	T cell	-13.417979702886663	-2.176213335564181
TGTAACGAGGTCACCC-1	CD45neg_d2	5065	2199	4.797630799605133	-0.09508793101833497	-0.03319497325358571	G1	cLEC	6.940581812921442	7.707436252067044
TGTAAGCCACCTGATA-1	CD45neg_d2	8500	2838	3.129411764705883	-0.09180732419888701	-0.03559329793968399	G1	Epithelial	2.6376643324526916	0.958705378377989
TGTACAGTCGATGGAG-1	CD45neg_d2	3323	1783	5.567258501354198	0.041720226223183554	0.05820158257687885	G2M	Marco_LEC	5.150111689630426	6.901183772513821
TGTAGACTCGAACTCA-1	CD45neg_d2	1310	666	5.190839694656488	0.014584648096353112	-0.050103096039020405	S	B cell	-1.5036665057507386	-13.152823757698581
TGTCCCAGTGATAGTA-1	CD45neg_d2	14784	3543	3.8893398268398274	-0.05021504719619033	-0.02156236658527315	G1	Epithelial	3.307417883935846	0.5251843516325504
TGTGAGTTCCTAGAGT-1	CD45neg_d2	5084	1835	4.720692368214005	0.02950525502330352	0.11020383741895508	G2M	B cell	-0.985519037183844	-13.960158657600925
TGTGATGCAATTCTCT-1	CD45neg_d2	14739	3520	3.7248117239975578	-0.06425923817863871	-0.031203204868197595	G1	Epithelial	-2.3812514399853577	-0.24229176001791652
TGTGGCGCATAATGCC-1	CD45neg_d2	14663	3954	7.9110686762599745	-0.05945131279086843	-0.007174761762694631	G1	Epithelial	1.294804825845636	0.38104288620705906
TGTTCCGGTACAGTCT-1	CD45neg_d2	4339	1379	4.286702005070293	0.04065109191971068	0.014693765796003927	S	B cell	-1.0157549237576355	-13.817718815376804
TTAATCCGTCGGCACT-1	CD45neg_d2	21004	4445	4.227766139782899	0.0042106868768218425	-0.028651864616202546	S	Epithelial	1.1839435244235168	-1.0713167901540248
TTAATCCTCTGTCCGT-1	CD45neg_d2	1313	779	5.102817974105102	-0.04966686522325255	0.01301581367189436	G2M	T cell	-15.439395413335882	-1.35797102408652
TTACCATGTGGCTACC-1	CD45neg_d2	2547	1176	4.672163329407145	-0.04315136525449569	0.023212688605184592	G2M	B cell	-1.1645706748333802	-13.900637936165378
TTACCGCTCACACCGG-1	CD45neg_d2	13472	3325	3.021080760095012	-0.007900454695586354	-0.06192791610105687	G1	Ptx3_LEC	6.001884951654352	4.638750720450833
TTCACCGTCTCGCAGG-1	CD45neg_d2	19414	4433	3.7241166168744204	-0.044272791730820646	-0.01531274200407147	G1	Epithelial	1.5735800409945617	-0.3990708108449429
TTCACGCGTTACGGAG-1	CD45neg_d2	1703	873	8.573106283029947	0.10594804886941475	0.08214920517298016	S	B cell	-0.1964644049969544	-13.65933067755942
TTCACGCTCCCGATCT-1	CD45neg_d2	2719	1327	5.627068775285031	-0.024836623820912958	-0.00419137777365447	G1	B cell	-1.6925900434819092	-12.90864880042319
TTCATTGAGCTCCGAC-1	CD45neg_d2	22655	4727	4.034429485764732	-0.03472884110394592	-0.017494182359282198	G1	Epithelial	1.3716125631960998	-1.2280724759602992
TTCCGTGCACGCGCTA-1	CD45neg_d2	14064	4247	6.555745164960182	-0.10864589890403277	-0.05191887380693999	G1	cLEC	7.3607020521792546	8.251310515830472
TTCCTAATCGCTCTCA-1	CD45neg_d2	2196	1088	8.83424408014572	0.022968117836649163	-0.011279883547686484	S	B cell	-1.4525873517361512	-12.815772366097018
TTCTAACAGCACAAAT-1	CD45neg_d2	20221	4557	2.388605904752485	0.08521050471590885	-0.02922065327857118	S	Ptx3_LEC	7.151559367242731	5.1072222475504425
TTCTAGTAGCGTGCTC-1	CD45neg_d2	3243	1140	5.7662658032685785	-0.018940955326008493	0.05419623083182061	G2M	B cell	-0.9458209132519593	-14.08849842505698
TTGACCCCACCGGCTA-1	CD45neg_d2	6118	1883	4.217064400130761	0.06711662698062901	0.030839353723489796	S	B cell	-1.2164864992466797	-14.013728451302097
TTGAGTGTCTCCAAGA-1	CD45neg_d2	4096	1337	3.0517578125	0.08280556272112705	0.04008834458433491	S	B cell	-0.3998058890667786	-13.609608006050632
TTGCGTCCACCCAATA-1	CD45neg_d2	9893	3386	4.578995249166077	-0.07675010491255452	-0.08470594727541143	G1	Epithelial	-2.490348265108191	0.014818358848050273
TTGGGATTCACGGAGA-1	CD45neg_d2	5190	2497	6.9364161849710975	-0.001987532890790178	-0.1366263727323599	G1	cLEC	7.403673663202204	8.265291381308987
TTGGGCGGTGAATGAT-1	CD45neg_d2	15015	3673	6.81984681984682	-0.0570302755874119	-0.038627204434192125	G1	Epithelial	0.84746648317901	2.111372042128995
TTGGGTAGTACAGAAT-1	CD45neg_d2	1559	900	5.644644002565747	0.02128770063976987	0.1105722391825433	G2M	Ptx3_LEC	5.717335238519587	4.142561126182034
TTGGGTAGTCCTGGGT-1	CD45neg_d2	2583	1055	4.3747580332946185	0.0711668298127281	0.07138610224691727	G2M	B cell	-0.3170602177945008	-13.494471859505222
TTGGTTTTCTGACGCG-1	CD45neg_d2	8184	3004	4.459921798631476	-0.039060419520083295	-0.03577092044826395	G1	Ptx3_LEC	6.389025225702204	4.176748919913724
TTGTGGACAGCATACT-1	CD45neg_d2	9805	3503	9.55634880163182	-0.010036858069919052	0.037887149232503664	G2M	Epithelial	1.3688283110293518	0.5974735800718814
TTGTTGTAGAAACACT-1	CD45neg_d2	540	366	0.5555555555555556	-0.02683134750856624	-0.04762052167153808	G1	Marco_LEC	4.940948023858942	3.4360908750986607
TTTACGTCAAAGCGTG-1	CD45neg_d2	6731	2896	3.2833160005942656	0.010267387828145291	-0.09564935349886632	S	cLEC	6.875894084039606	8.013619113395169
TTTACTGCAAAGGTTA-1	CD45neg_d2	2143	994	5.1329911339244045	-0.015315778018104076	-0.059802950756379085	G1	B cell	-1.8366634255019059	-13.25426704840903
TTTCATGGTTTCGATG-1	CD45neg_d2	639	442	1.7214397496087637	-0.05210341215219264	-0.0595142797181948	G1	Marco_LEC	4.920488848749079	4.237882781455472
TTTCCTCCACCCAAGC-1	CD45neg_d2	1171	597	4.44064901793339	0.07694657391088727	-0.05699020786422775	S	Marco_LEC	3.7621822500857482	2.565217304656461
TTTCCTCCAGGAGGTT-1	CD45neg_d2	1409	693	8.942512420156138	-0.042430528411640064	-0.016993380234716027	G1	B cell	-1.880570695337378	-13.02038032965903
TTTGACTTCTTGGTCC-1	CD45neg_d2	2199	1043	3.1832651205093225	-0.013824980472303058	-0.030293371883535015	G1	T cell	-15.37650059216889	-1.3009544129872768
TTTGATCAGGCTGAAC-1	CD45neg_d2	1985	977	6.750629722921915	-0.06080082029304996	-0.01926864393807258	G1	B cell	-1.817608789142691	-13.176942181160495
TTTGGAGAGGATCATA-1	CD45neg_d2	7764	1990	3.3359093250901597	-0.032597354551528165	0.04928214945055477	G2M	T cell	-13.86890839093598	-2.5991318936849086
