p_val,avg_logFC,pct.1,pct.2,p_val_adj,cluster,gene
1.5094900827949454e-24,0.4003156320151813,0.551,0.247,4.721081182949471e-20,1,Lbp
4.9278042267490586e-23,0.40938600444612927,0.603,0.298,1.5412200499580355e-18,1,Cd36
4.2798005262999985e-20,0.3845534055229042,0.416,0.175,1.3385504126055876e-15,1,Parm1
8.409633655637739e-17,0.3846480184831318,0.618,0.365,2.6301970221372593e-12,1,Fgl2
9.378060290447928e-17,0.37864198360523504,0.591,0.34,2.9330821364404938e-12,1,Ifi44
2.0474813688129458e-16,0.32697180300156914,0.643,0.387,6.403702729099369e-12,1,Slfn5
5.187849471143074e-16,0.34806448210500585,0.783,0.52,1.622551800594708e-11,1,Fstl1
2.0353763159354193e-15,0.2957113765617696,0.892,0.706,6.365842965719617e-11,1,Sgk1
2.2973118679675337e-15,0.40901262948838185,0.175,0.05,7.185072598255258e-11,1,Ifit1
6.3597662393327194e-15,0.30103513607485816,0.249,0.092,1.9890804890137013e-10,1,Tek
7.327824933015818e-15,0.34168263273801625,0.373,0.181,2.2918505260500272e-10,1,Rcan1
1.5622772257993132e-14,0.3109813357923432,0.618,0.359,4.886178251409932e-10,1,Cd24a
1.9294077381885873e-14,0.3256094936343471,0.371,0.174,6.034415641958625e-10,1,AW551984
2.450905830981256e-14,0.3078000192451459,0.297,0.127,7.665453076976976e-10,1,Serpine2
7.770616590946993e-14,0.2796881031976186,0.274,0.111,2.4303380449845817e-9,1,Stox2
7.915427518770003e-14,0.28167545482840484,0.424,0.216,2.475629110770506e-9,1,Atp6v1h
1.637563702126632e-13,0.31659580892226996,0.255,0.104,5.1216442347712544e-9,1,Rtp4
8.55785436469937e-13,0.2760452961620965,0.498,0.277,2.676554531103375e-8,1,Foxp2
9.436250455367855e-13,0.26894197428233546,0.34,0.162,2.9512816924208503e-8,1,Slc9a3r2
9.846836725765025e-13,0.4245830910295415,0.232,0.094,3.079696654350269e-8,1,Gdf15
1.3851266272851541e-12,0.2821230855656003,0.846,0.665,4.332122039497048e-8,1,Ccl21a
2.5578567849514003e-12,0.27180716013201944,0.31,0.145,7.999952880613999e-8,1,Slfn2
3.5847985318226545e-12,0.28466065122037876,0.35,0.174,1.1211815888128535e-7,1,Ackr3
4.537697375158115e-12,0.2902222660582461,0.603,0.375,1.4192102310544522e-7,1,Ednrb
5.153520791921633e-12,0.27547781688355344,0.667,0.427,1.6118151628814098e-7,1,Iigp1
7.078409763659915e-12,0.280242530452567,0.435,0.241,2.2138434376822748e-7,1,Wls
2.055616751743182e-11,0.3115579890051804,0.373,0.196,6.429146952751976e-7,1,Samd9l
4.296803951638646e-11,0.2578875789142214,0.228,0.097,1.343868403914503e-6,1,Tub
3.037057902234882e-10,0.30335767506097056,0.141,0.048,9.498702295029817e-6,1,Cmpk2
7.428141464745898e-10,0.2682576153857583,0.386,0.218,2.3232255245139268e-5,1,Slc5a3
7.646811533040454e-29,-0.638266419954284,0.366,0.746,2.3916167750737324e-24,2,S100a6
1.104665578397164e-26,-0.5408693149425123,0.184,0.542,3.45495206299497e-22,2,Emp1
1.1293409123997534e-25,-0.44938334790567014,0.577,0.897,3.532126637621469e-21,2,Vim
3.955747773971035e-23,0.7068164850112479,0.835,0.813,1.237199673787181e-18,2,Selenop
3.64617748088879e-17,-0.3950454366859517,0.404,0.733,1.140378468922778e-12,2,Apold1
3.754557514188419e-17,-0.5742703058194141,0.496,0.769,1.17427540813757e-12,2,Nts
2.187451011608373e-16,-0.3845659957295079,0.175,0.451,6.841471783906347e-12,2,Aldoa
3.3119512129468895e-16,-0.39797517924626313,0.343,0.647,1.0358458613612692e-11,2,Scn3a
2.498230972260018e-15,-0.3143868518169648,0.357,0.683,7.813467188840433e-11,2,Cav1
1.0246639854934332e-14,-0.30229167557507264,0.565,0.838,3.2047390810292617e-10,2,S100a10
1.8490137128654873e-14,-0.25422365171149264,0.255,0.568,5.782975288358098e-10,2,Myadm
2.0043550814254092e-14,-0.3469253963719404,0.097,0.303,6.26882095266611e-10,2,Hspa4l
2.348384919099222e-14,-0.3437772164413697,0.139,0.374,7.344808672974727e-10,2,Col18a1
3.2029838905016604e-14,-0.392221887882062,0.258,0.544,1.0017652415932992e-9,2,Mif
8.001076691724801e-14,-0.3362201169706309,0.34,0.643,2.502416746103849e-9,2,Pdpn
8.754527736983958e-14,-0.30499563999888585,0.064,0.246,2.7380660950191024e-9,2,Dpysl3
1.1094127418721883e-13,-0.37271687098536654,0.173,0.411,3.4697992914794565e-9,2,Serpine1
1.242843779221709e-13,-0.2961364840274716,0.208,0.471,3.887118203893817e-9,2,Utrn
1.599137763205964e-13,-0.3396656758249855,0.118,0.331,5.001463268202973e-9,2,Pcsk6
2.821341550259295e-13,-0.29039810921660103,0.255,0.534,8.824027832590971e-9,2,Lgals1
5.017630412589062e-13,-0.2615840083051031,0.097,0.294,1.569314087841355e-8,2,Rcan1
1.203770582292e-12,-0.25341494456222313,0.26,0.549,3.764912873176459e-8,2,Txn1
1.266747191069269e-12,-0.28737419696188304,0.329,0.628,3.9618785147882456e-8,2,Lmna
1.5117044110714201e-12,-0.284182939123771,0.08,0.262,4.728006716066974e-8,2,Susd2
6.141904473951177e-12,-0.4602904574044011,0.099,0.276,1.9209420432729702e-7,2,Neo1
8.198357991016137e-12,-0.27750757153364086,0.045,0.192,2.564118445270207e-7,2,Ttc9
1.0601743171429577e-11,-0.2752381048829106,0.066,0.229,3.3158011942963143e-7,2,Higd1a
1.1853316585297496e-11,-0.25631103825681467,0.106,0.296,3.7072432952176447e-7,2,Cdh13
1.6348844368643485e-11,-0.2691048772717271,0.076,0.242,5.113264564736937e-7,2,Setx
2.6427618241675228e-11,-0.25824252251484914,0.09,0.265,8.265501881266344e-7,2,Slc9a3r2
6.51252519525047e-11,-0.401330490824586,0.024,0.142,2.036857380066537e-6,2,Pgf
7.199575111850645e-11,-0.2678941173148776,0.035,0.165,2.251739111982408e-6,2,Stc1
7.59676418069003e-11,-0.2989303436917099,0.047,0.185,2.375963965152614e-6,2,Piezo2
7.620163395551129e-11,-0.2906874154213429,0.057,0.202,2.383282303592571e-6,2,Anxa1
7.667194679032252e-11,-0.27700639532754234,0.418,0.688,2.397991807814127e-6,2,Anxa2
1.6529264455482543e-10,-0.25356975899146317,0.199,0.424,5.1696927510967205e-6,2,Podxl
2.9225146729922044e-10,-0.26470484461477795,0.071,0.219,9.140456891250418e-6,2,Tpi1
3.1133086476582783e-10,-0.30071035173444316,0.27,0.503,9.737184126416032e-6,2,Cd24a
3.750189561032549e-10,-0.28999638624165813,0.021,0.131,1.17290928710854e-5,2,Itgb4
4.677371174681114e-10,-0.30230091021862027,0.102,0.262,1.4628946085932652e-5,2,Reln
6.344147650107185e-10,0.4120867486174409,0.749,0.787,1.9841956190475233e-5,2,Ctsd
7.385342629917704e-10,-0.29632496283956394,0.057,0.191,2.309839760933061e-5,2,Ebf1
8.240851965972123e-10,-0.29643162208090956,0.109,0.274,2.5774088608774412e-5,2,Ccdc141
8.526096422194797e-10,-0.32976630541038665,0.177,0.374,2.6666219170056448e-5,2,Nupr1
9.309978848234659e-10,-0.34764122057725,0.165,0.352,2.911788984573872e-5,2,Ctla2a
9.918985652151162e-10,-0.2542595827182552,0.312,0.552,3.102261952566797e-5,2,Atf3
1.9318964420574676e-9,-0.25100657515459446,0.248,0.483,6.042199312178936e-5,2,Plec
2.1767210953141995e-9,0.3340205272698107,0.787,0.844,6.807912897704691e-5,2,Psap
4.723695137437929e-9,-0.2605372838143368,0.033,0.142,1.4773828911850866e-4,2,Slc6a6
5.969257684157253e-9,-0.27837967474233055,0.076,0.212,1.8669450332970224e-4,2,Olfm1
1.4369702558627908e-8,-0.3111684571956088,0.073,0.202,4.4942681722364645e-4,2,Slc41a1
2.035789801295075e-8,0.34916399168284595,0.849,0.871,6.367136182530476e-4,2,Fos
2.2259165692192433e-8,-0.3574301479683404,0.035,0.138,6.961776661890105e-4,2,Ccl7
7.841014765525298e-8,-0.3260450239888101,0.087,0.216,0.002452355778065692,2,Plat
1.2969133514113828e-7,0.40135129956381754,0.634,0.614,0.004056226197874241,2,Tgfa
1.3847746324557917e-7,-0.3195323024554796,0.109,0.242,0.004331021140468734,2,Dcn
1.7382030181085179e-7,-0.32691376783583687,0.066,0.176,0.005436403759436201,2,Cd74
3.0349336507153056e-7,0.3884181402670124,0.697,0.725,0.00949205848597719,2,Tnc
3.3198523740024882e-37,-1.134335448823776,0.473,0.789,1.0383170284930181e-32,3,Ccl21a
2.896719557741997e-36,0.798049031096782,0.744,0.389,9.05978008879387e-32,3,Mif
1.5534056460940283e-29,0.5533879922359826,0.846,0.519,4.858431498723683e-25,3,Gapdh
8.611830654360359e-29,0.37108411011494535,0.997,0.892,2.6934361554577458e-24,3,Rpl32
9.353838245101011e-29,0.31850400493552744,0.994,0.957,2.925506449537792e-24,3,Rps16
5.460917966051983e-28,0.38812494358030847,0.976,0.844,1.7079567030624184e-23,3,Rpl12
2.103807935967405e-27,-0.4652205391156312,0.931,0.957,6.579869700531656e-23,3,Mmrn1
2.995143040110117e-27,0.6939538871468699,0.274,0.065,9.367609372248402e-23,3,Fabp5
2.139275244847702e-26,0.3143270004307053,1,0.972,6.690797255785673e-22,3,Rpl13
1.9653668093995608e-25,0.5042733141457034,0.334,0.099,6.146881233078066e-21,3,Eno1
2.992011019992702e-25,-0.7304644799927227,0.663,0.791,9.357813666129174e-21,3,Sgk1
8.191875274338024e-24,-0.7827892213697929,0.762,0.835,2.5620909108019605e-19,3,Selenop
3.662608993264808e-23,-0.38181542976101923,0.949,0.945,1.1455175887335014e-18,3,Aplp2
6.781881375799212e-23,0.9767595925660968,0.518,0.259,2.1211012190949616e-18,3,Ccl2
1.528892525994692e-22,0.5478162757420728,0.358,0.129,4.7817642643009986e-18,3,Tpi1
2.1966113512914003e-22,0.6761877873904238,0.536,0.261,6.8701216622989835e-18,3,Nupr1
3.216699279755976e-22,0.2836404760694138,0.991,0.935,1.006054866736479e-17,3,Rpl39
6.262754769745804e-22,-0.5274528489756971,0.877,0.881,1.9587391817856977e-17,3,Nfat5
6.651680412668429e-21,0.38088019747231483,0.964,0.814,2.080379565866178e-16,3,S100a11
1.8883277515699822e-20,0.291692770294552,0.982,0.921,5.905933875810276e-16,3,Rpl28
2.4202884946036647e-20,0.44723066371857834,0.687,0.378,7.569694295722422e-16,3,Sparc
6.205136305573191e-20,-0.5793115227397165,0.858,0.859,1.9407184309310712e-15,3,Klf4
1.3326298289834828e-19,0.30711811353910345,0.976,0.865,4.167933053128741e-15,3,Rps18
1.7117757835345667e-19,0.5210056590280165,0.669,0.4,5.353749940582711e-15,3,Lgals1
2.358216836783611e-19,0.2588868829991995,0.994,0.94,7.375558978724422e-15,3,Rps15a
3.4048194836271616e-19,0.5194405032826092,0.473,0.224,1.064891341699231e-14,3,Pkm
5.526816149112565e-19,-0.8697000283599648,0.19,0.447,1.7285670187964458e-14,3,Cd36
8.985079488546344e-19,-0.6864393635540194,0.762,0.833,2.8101734608377547e-14,3,Egr1
1.3835655546842686e-18,0.2821542163486592,0.985,0.883,4.3272396288305184e-14,3,Rps7
1.4740350552246669e-18,0.2629362634896957,0.997,0.931,4.610192038720668e-14,3,Rpl27a
2.7321058202904427e-18,0.5138181134054451,0.395,0.173,8.544934163540388e-14,3,Pgk1
3.2689035005478094e-18,0.5000735800745157,0.527,0.273,1.0223822588313329e-13,3,Ldha
3.3106646660359116e-18,0.2936672078883902,1,0.975,1.0354434809493918e-13,3,Actb
6.289879889650257e-18,0.3765357286532427,0.922,0.72,1.9672228342870142e-13,3,Igfbp7
9.840904040068275e-18,0.2821516760795433,0.991,0.921,3.077841147571754e-13,3,Ppia
1.0964193897100828e-17,0.39592771306044394,0.587,0.305,3.429161283257255e-13,3,Tagln2
1.1009525501722461e-17,0.4578226613373504,0.47,0.224,3.443339195918717e-13,3,Tspo
1.2532839542532867e-17,0.5131699584565905,0.575,0.32,3.9197708953225796e-13,3,Aldoa
1.2858838765848117e-17,0.4048916440849395,0.346,0.133,4.021730412406657e-13,3,Eif4ebp1
1.8274450929533826e-17,0.29288462844812857,0.982,0.859,5.715517272721e-13,3,Rpl15
2.0674011909002787e-17,0.2872657036380253,0.991,0.878,6.466003964659711e-13,3,Rps5
3.697192791983185e-17,0.2506916939163699,0.991,0.95,1.156334017620661e-12,3,Rps10
3.850411968035196e-17,0.7110826274120954,0.479,0.251,1.2042548471226878e-12,3,Ctla2a
4.187212317729943e-17,-0.6985367256404729,0.849,0.869,1.3095925244932169e-12,3,Fos
8.744293718048377e-17,0.35581108147738183,0.852,0.59,2.7348653032568106e-12,3,Pfn1
1.910642526788143e-16,0.26277873272178853,0.985,0.874,5.975725566782596e-12,3,Rpsa
3.017096217478776e-16,0.37042668811117563,0.551,0.292,9.436270129786621e-12,3,Atp5g1
1.526473133080517e-15,0.25687830281196167,0.97,0.888,4.7741973710226247e-11,3,Rpl37
1.6544008819854111e-15,0.34442910863537757,0.419,0.191,5.174304198497572e-11,3,Sema3a
2.2538551817271474e-15,0.28216130577538756,0.967,0.797,7.049157466369826e-11,3,Myl6
4.213762684619751e-15,0.374131677063529,0.361,0.16,1.3178964172416735e-10,3,Timm10b
5.2313981362104385e-15,-0.41581597504655665,0.852,0.854,1.6361720810811767e-10,3,Cldn5
5.836807982902719e-15,0.3348391224500362,0.708,0.45,1.8255200647326546e-10,3,Sec61b
7.290988976284451e-15,0.2703600909598749,0.967,0.808,2.2803297122227248e-10,3,Col4a1
7.321528734015906e-15,0.27714148450769827,0.988,0.857,2.289881326850815e-10,3,Rps2
1.4277307561262236e-14,0.4071851013556411,0.669,0.415,4.465370712860377e-10,3,Txn1
1.6551658871689392e-14,0.3730676770330128,0.539,0.292,5.176696828709574e-10,3,Cyba
1.796406611559464e-14,0.2605470694626697,0.955,0.844,5.61844131831338e-10,3,Rpl11
2.0271596253850793e-14,0.2721587624549615,0.997,0.949,6.340144444354374e-10,3,Ifitm3
2.5142395980842593e-14,0.3556732613609473,0.283,0.114,7.86353576696833e-10,3,Exoc3l4
3.2557344902390555e-14,-0.3086347532114817,0.991,0.985,1.018263519167167e-9,3,mt-Cytb
5.1146361256206586e-14,0.42791586705762796,0.687,0.443,1.5996535946491172e-9,3,Ccnd1
5.6325171912901195e-14,-0.2517999273571814,1,0.998,1.7616260767478978e-9,3,mt-Atp6
6.579847651722827e-14,0.28581828069292214,0.928,0.744,2.057913151552831e-9,3,Rpl10a
9.061924318307279e-14,0.32516436393169235,0.575,0.329,2.8342074497937846e-9,3,Pomp
1.1801583335299367e-13,-0.3294686591470275,0.994,0.974,3.69106320394823e-9,3,mt-Nd4
1.497943185585122e-13,0.32520076585129876,0.819,0.551,4.684967107236028e-9,3,Rpl36al
2.394157829560936e-13,0.3615583064801289,0.373,0.18,7.487968027734782e-9,3,Tmem173
2.697803930575762e-13,0.28958831856280876,0.919,0.75,8.437651573268753e-9,3,Rps6
3.789873455872561e-13,0.2955315690366911,0.828,0.572,1.1853208220587022e-8,3,Pdlim1
4.2432243032784977e-13,0.2766236119151282,0.428,0.213,1.3271108330933828e-8,3,Prelid1
4.623418741153228e-13,-0.6031343726128242,0.614,0.704,1.4460204454830834e-8,3,Dusp1
5.70952931258219e-13,-0.6821970977186322,0.19,0.382,1.7857123878032055e-8,3,Lbp
6.355589465814967e-13,0.3446949628607373,0.367,0.175,1.987774161328289e-8,3,Glipr2
8.852669681510384e-13,0.312028943118003,0.672,0.415,2.768760969589188e-8,3,Selenow
9.322405859795332e-13,0.26261402335054784,0.819,0.535,2.915675656709588e-8,3,Hint1
1.1237779671668108e-12,-0.5400934568838629,0.482,0.639,3.514727970110917e-8,3,Sox4
1.2455743573647874e-12,0.36241829084340615,0.304,0.136,3.895658360094109e-8,3,Cd82
1.5209449334131704e-12,0.2859877001664086,0.127,0.03,4.756907373743032e-8,3,Bnip3
1.6203735384340207e-12,0.5106511880136992,0.217,0.08,5.067880278806243e-8,3,Ccl7
1.6367271193505303e-12,0.3342647804441895,0.401,0.206,5.119027738480718e-8,3,Eif6
2.3471121064262915e-12,0.3873867857471751,0.262,0.108,7.340827824058869e-8,3,Fam162a
3.0065004486066373e-12,-0.5012028163969413,0.819,0.835,9.403130803062119e-8,3,Jun
3.2819831428001015e-12,0.3486852479605562,0.627,0.405,1.0264730477421597e-7,3,Eln
3.361867983441414e-12,0.34709075195679373,0.437,0.237,1.0514578305011366e-7,3,Nop10
5.02767711368204e-12,0.3310208598957791,0.25,0.102,1.572456294075195e-7,3,St8sia6
5.769543058176812e-12,0.31001268205140864,0.696,0.46,1.8044822868753798e-7,3,Sh3bgrl3
6.49478089564095e-12,0.27389815555317876,0.684,0.42,2.0313076729206635e-7,3,Eif3c
6.546660996112705e-12,0.32007587485720657,0.708,0.459,2.0475336931442096e-7,3,Elob
6.784136752733123e-12,0.4587056502613211,0.265,0.113,2.1218066107848115e-7,3,Cd74
7.192379713731565e-12,0.28212178524300946,0.416,0.211,2.2494886792666842e-7,3,Tpm1
7.530775997056e-12,0.37363717926986073,0.41,0.222,2.3553255008392347e-7,3,Pgam1
8.172985044708846e-12,0.272416860391146,0.386,0.189,2.556182802583139e-7,3,Psmb5
8.341322193858807e-12,0.34579046736953056,0.334,0.16,2.6088319293512806e-7,3,Snhg6
1.2989507324109567e-11,0.5964391572013034,0.34,0.169,4.062598310688508e-7,3,Dcn
1.3484154375527663e-11,0.3286268920506783,0.461,0.261,4.217304122490032e-7,3,Il2rg
1.4212173906390348e-11,0.27855468972599773,0.422,0.221,4.444999510962645e-7,3,Nme1
1.476486146702601e-11,0.3130510015796564,0.714,0.481,4.617858072427055e-7,3,Sec61g
1.488711737076567e-11,0.29611122126828593,0.75,0.508,4.6560948288806706e-7,3,Pdpn
1.857188174320625e-11,0.2550515515374177,0.247,0.101,5.808541734005186e-7,3,Rai14
2.3036154459415516e-11,0.301074548080392,0.479,0.266,7.204787668726797e-7,3,Uqcc2
2.5005849495070095e-11,0.2895318452966066,0.271,0.117,7.820829488078123e-7,3,Clu
2.742740578519802e-11,0.27406369812806797,0.642,0.409,8.578195433378533e-7,3,Cox5b
3.564537504699375e-11,0.3475210422872128,0.512,0.299,1.1148447499697766e-6,3,Frmd6
3.844861523497799e-11,0.31993574981175327,0.295,0.135,1.2025188900891714e-6,3,Psmb10
5.140957575513426e-11,0.255465432155074,0.883,0.694,1.6078858913175792e-6,3,Gng5
6.545404601842431e-11,0.2825272130241292,0.605,0.377,2.047140743272239e-6,3,Smdt1
6.815634760315322e-11,0.2718787369118396,0.611,0.371,2.1316579276362202e-6,3,Cstb
8.31350106536323e-11,0.3239367185112508,0.145,0.045,2.600130593203004e-6,3,Hcn1
9.030599119783794e-11,0.31862902669155546,0.536,0.324,2.8244101807035795e-6,3,Mrpl33
9.964119591548371e-11,0.31454070989570526,0.367,0.193,3.1163780434526684e-6,3,Dnajc10
1.0178332451977236e-10,0.326916172981236,0.358,0.184,3.1833752576804e-6,3,Snhg12
1.2009316083143308e-10,0.2510293776394751,0.262,0.115,3.756033698163901e-6,3,Vamp5
1.3577788923417937e-10,-0.7449607035577894,0.331,0.473,4.246589263688194e-6,3,Fgl2
1.3803646746694757e-10,0.2853144488676129,0.386,0.202,4.317228556496253e-6,3,Mrps14
2.0181986530890688e-10,0.28377481829080553,0.669,0.431,6.3121181074013715e-6,3,Arpc3
2.130810594901533e-10,-0.4818076270684717,0.807,0.803,6.664323216614034e-6,3,Junb
2.147149137061566e-10,0.2998440331349983,0.56,0.352,6.715423641073754e-6,3,Hspe1
2.3104533108725328e-10,0.2547746202653327,0.864,0.673,7.2261737750849335e-6,3,Rpl14
2.3161819506085627e-10,0.2899089644834001,0.416,0.232,7.244090668723341e-6,3,Loxl2
2.3891181609977134e-10,0.29966875802764825,0.825,0.61,7.472205960336448e-6,3,Myl12a
2.578322369844438e-10,0.2572759800191762,0.59,0.358,8.063961043925464e-6,3,Minos1
3.4267569889903654e-10,0.28668202989986413,0.44,0.249,1.0717525158766267e-5,3,Eef1d
3.5087421728393057e-10,-0.6335237776126965,0.47,0.565,1.0973942019772212e-5,3,Zfp36
3.5382324897599256e-10,0.3097992089389907,0.663,0.433,1.1066175934973144e-5,3,Myadm
4.284847531181256e-10,-0.32843597091207366,0.889,0.862,1.3401289138522496e-5,3,mt-Nd2
4.5558474853644e-10,0.27863832818936496,0.687,0.464,1.4248868595225698e-5,3,Dbi
6.587099892063144e-10,0.26487297200908344,0.711,0.469,2.0601813622416688e-5,3,Atp5j2
6.833287893329264e-10,-0.5144954841140081,0.702,0.747,2.1371791215176607e-5,3,Klf2
7.105707402221573e-10,-0.2862185920793272,0.973,0.935,2.2223810471188192e-5,3,mt-Nd1
7.501579849953223e-10,0.2855939268138612,0.569,0.358,2.3461941138713702e-5,3,Eif5a
1.0243595363112668e-9,0.32667173638387814,0.358,0.197,3.203786885767118e-5,3,Mrps24
1.1947567053476717e-9,0.3099808111697635,0.395,0.223,3.7367210716453777e-05,3,Rhoc
1.2242554756321511e-9,0.2774258694494913,0.828,0.624,3.8289814255871156e-5,3,Rpl22l1
1.4502620393374282e-9,0.2533982102466331,0.488,0.285,4.535839554231741e-5,3,Litaf
2.1797787080697368e-9,0.30574290757785816,0.154,0.055,6.817475887358909e-5,3,Tfpi2
2.3486780265502035e-9,0.29244049081890106,0.265,0.126,7.345725395838416e-5,3,Ltc4s
2.5917616893665484e-9,0.4485454754914455,0.723,0.549,8.105993859662816e-5,3,Fabp4
3.0006183443891026e-9,0.26426438291470145,0.352,0.19,9.384733933911357e-5,3,Tmem258
3.407940843918778e-9,0.2894588113617982,0.268,0.132,1.065867578344037e-4,3,Laptm4b
3.599986510751346e-9,-0.36318506801582284,0.87,0.838,1.125931781102591e-4,3,Prox1
3.932787164468802e-9,0.29040087122044866,0.392,0.222,1.2300185135592626e-4,3,Irf8
4.136193389171697e-9,-0.3478367331941925,0.789,0.815,1.29363584439734e-4,3,Jund
5.1594343634824356e-9,0.259860875248741,0.473,0.281,1.6136646915227665e-4,3,Rnf19b
6.5769911408886176e-9,0.25781162607164543,0.913,0.781,2.057019749224324e-4,3,Vim
6.768881680892269e-9,0.45100964274834787,0.473,0.31,2.117035434515866e-4,3,Serpine1
6.868027229353455e-9,0.2632626700079317,0.479,0.288,2.1480441962525864e-4,3,Fxyd5
7.972997136608051e-9,-0.5045333570679746,0.482,0.562,2.4936345844455343e-4,3,Nfatc1
8.430857170170172e-9,0.2661345725542422,0.328,0.175,2.636834888542423e-4,3,Ackr2
1.0043666603260835e-8,0.2626229012800573,0.395,0.23,3.141257166835859e-4,3,Tmem167
1.0905603950622611e-8,0.26585912095219055,0.509,0.321,3.4108366915967277e-4,3,Tapbp
1.4839434293670325e-8,0.3160207664593867,0.416,0.252,4.641181469688331e-4,3,Serpina3g
2.1437947841621697e-8,-0.3254298816141157,0.928,0.898,6.704932566945602e-4,3,Fosb
3.0616234519956074e-8,0.2589986927838312,0.151,0.059,9.575533508461462e-4,3,Wdr36
5.4986789018609e-8,0.3012323950222433,0.503,0.322,0.001719766813346015,3,Angpt2
8.918910216670398e-8,0.2519934400380821,0.367,0.213,0.0027894783593658337,3,Gpi1
1.0441293916928095e-7,0.2766824499377809,0.819,0.637,0.003265619085458431,3,Thbs1
1.196701712552834e-7,-0.4485571353492539,0.494,0.571,0.0037428042761802434,3,Nrp2
1.2995016493818106e-7,-0.3390112252494779,0.762,0.744,0.004064321358606551,3,Cd9
1.423724184933881e-7,0.28012089698227727,0.286,0.156,0.004452839760799206,3,Higd1a
1.431428491775598e-7,-0.4521229741340687,0.06,0.175,0.00447693575087736,3,Mpp7
1.985379169093058e-7,-0.5108702343429625,0.497,0.581,0.006209471889255448,3,Scn3a
1.363326303352772e-25,0.8866335165615866,0.801,0.531,4.26393934636613e-21,9,Scn3a
5.77162945186686e-25,0.8159604349486713,0.946,0.69,1.805134827365879e-20,9,Ccl21a
4.6856542943256566e-20,-1.1145829354644385,0.285,0.628,1.4654852370932923e-15,9,Fabp4
4.118475834093204e-17,0.8279992378034302,0.425,0.19,1.2880945018709904e-12,9,Reln
2.2819990853574576e-14,0.3723096516380524,0.984,0.947,7.137180339363985e-10,9,Mmrn1
4.285993392426609e-14,0.6728873416244823,0.634,0.416,1.3404872934153461e-9,9,Fgl2
1.162124360616163e-13,-0.7444400240546761,0.194,0.494,3.6346601502631117e-9,9,Stab2
7.677649477679919e-13,0.5095611055398956,0.968,0.851,2.4012616506391717e-8,9,Fos
9.620305607654435e-13,0.3578545229056811,1,0.994,3.008846781850001e-8,9,Malat1
3.373109789923721e-12,-0.5816900130759708,0.355,0.655,1.054973817896543e-7,9,Tgfa
1.7445918637359762e-11,-0.6802848070340837,0.21,0.477,5.456385513020639e-7,9,Sparc
2.2071096483283052e-11,0.4630110661091713,0.914,0.82,6.902956136111607e-7,9,Jun
2.4667816130819254e-11,0.47545547797731924,0.898,0.807,7.715106173075029e-7,9,Egr1
2.9963294194625466e-11,-0.7322830288937334,0.032,0.255,9.37131989231106e-7,9,Vcam1
3.70421001402195e-11,0.38922085714141996,0.93,0.873,1.1585287239855052e-6,9,Nfat5
4.314607338914015e-11,-0.5884698840666456,0.296,0.577,1.3494365913187472e-6,9,Jak1
6.955160451238473e-11,0.3766978787004933,0.973,0.895,2.1752959827293447e-6,9,Fosb
7.138408734405739e-11,-0.5326673117248542,0.317,0.597,2.232608715772739e-6,9,Cd55
1.2219065449206715e-10,-0.49524471056649766,0.505,0.746,3.821634909893892e-6,9,Tnc
1.4090349932004674e-10,-0.6382376630986333,0.102,0.345,4.406897844733782e-6,9,Jam3
3.2212290581043846e-10,-0.5619926280578834,0.161,0.418,1.0074716002127273e-5,9,Clic4
3.909136424539904e-10,-0.5314572031363924,0.263,0.526,1.2226215081391004e-5,9,Tmem176b
3.059804790315951e-9,-0.5111822747183913,0.194,0.443,9.569845462192168e-5,9,Zmiz1
3.3743525891977454e-9,-0.7689794214779693,0.199,0.418,1.0553625157974869e-4,9,Cd36
8.65558191364759e-9,0.500751703268933,0.828,0.754,2.7071197993124203e-4,9,Sgk1
1.1183953813144687e-8,-0.39894812551378567,0.398,0.658,3.4978933945991323e-4,9,Pdlim1
1.1669644998709715e-8,-0.5809438995977265,0.22,0.461,3.6497981697964504e-4,9,Gdf10
2.5017765214420052e-8,-0.2645855223900053,0.909,0.968,7.824556248462015e-4,9,Rps3
2.5506589488221052e-8,-0.39483741465318456,0.57,0.79,7.977440928336017e-4,9,Igfbp7
3.066721681956872e-8,-0.4740477182802856,0.392,0.635,9.591478732488312e-4,9,Igfbp4
3.813200807381204e-8,0.3972141272982568,0.742,0.628,0.0011926166845165455,9,S100a6
5.916857147352556e-8,0.5889773797074941,0.403,0.255,0.0018505562414059854,9,Pcsk6
1.0316619357624719e-7,-0.4768964124501752,0.081,0.272,0.003226625870290707,9,Parm1
1.415641788073153e-7,-0.41003884743637276,0.441,0.657,0.004427561256377594,9,Ctsl
1.509785221825434e-7,-0.44752331829391656,0.038,0.201,0.004722004259781227,9,Smap2
1.7185633029274926e-7,0.503182863546215,0.435,0.292,0.005374978586236026,9,Col18a1
1.788420028270792e-7,-0.5055741757400554,0.263,0.479,0.005593462480419729,9,Eln
1.9770794389104347e-7,-0.3963556373162731,0.414,0.644,0.006183513653136276,9,Clca3a1
2.221417448266612e-7,-0.3506850715794829,0.511,0.715,0.006947705211198656,9,Sema3d
2.440057053420288e-7,-0.46161741569265313,0.134,0.328,0.007631522440277293,9,Il2rg
2.817172939602707e-7,-0.47385679744620357,0.183,0.391,0.008810990085901426,9,Tagln2
1.3505650281579844e-44,0.5020069465878096,0.197,0.004,4.224027182066912e-40,11,Kcnj8
2.0829014750208596e-43,1.0163932449682087,0.451,0.044,6.51448265327524e-39,11,Mrc1
1.0829336821748721e-42,0.9241324078335403,0.31,0.018,3.38698338437013e-38,11,Rbp1
4.0763526440661376e-36,0.8907003917010756,0.408,0.044,1.2749200529581252e-31,11,Slco2b1
1.1853920966689007e-34,0.7982159724420017,0.324,0.027,3.707432321541654e-30,11,Pde3b
1.8461217884571313e-34,1.093722605777103,0.535,0.086,5.773930505578524e-30,11,Camk4
5.542644122609227e-32,0.586393608375779,0.239,0.015,1.7335173757872618e-27,11,Clca2
8.95894748652423e-27,0.6181723444030934,0.169,0.008,2.8020004158853184e-22,11,Hpgd
1.6177944648651434e-26,0.9181439257279455,0.324,0.039,5.059813968312223e-22,11,Itih5
2.0411608919679945e-26,0.788855680226915,0.394,0.056,6.3839348057191e-22,11,Abi3bp
1.68183456531392e-23,0.7591139282690187,0.366,0.056,5.260105786475816e-19,11,Apba2
8.458406716463529e-21,0.9156520808344759,0.887,0.512,2.6454512846411333e-16,11,Kctd12
9.083120295376757e-20,0.732108234639217,0.338,0.058,2.8408367035820344e-15,11,Stxbp6
1.7320970159346989e-19,0.303172010068135,0.113,0.005,5.4173066270373645e-15,11,Kcnn3
5.15282385132197e-17,-2.0722985711041,0.07,0.612,1.6115971877394594e-12,11,Fabp4
2.5347935788675666e-16,0.772723667696846,0.479,0.128,7.927820397266201e-12,11,Ltb
2.864920477382948e-16,0.813421969067192,0.338,0.069,8.960325285062908e-12,11,Mest
4.538900142243365e-16,0.5645652022746526,0.239,0.035,1.4195864084880349e-11,11,Robo1
6.762631784044438e-16,0.9750772324531226,0.535,0.173,2.1150807167777386e-11,11,Enpp2
9.721619376444014e-16,0.925952898874848,0.676,0.261,3.04053367617663e-11,11,Fibin
2.439387083783067e-15,0.6120498375175183,0.479,0.131,7.62942704323992e-11,11,Piezo2
2.5694570827696483e-15,0.6791280811528275,0.521,0.155,8.036233972070353e-11,11,Dtymk
3.495383252359294e-15,0.6831006042347907,0.38,0.088,1.0932160660078928e-10,11,Adgrl2
9.035314913408036e-15,-1.327139018880163,0.155,0.641,2.8258850923174973e-10,11,Tgfa
1.3419787940629995e-14,-1.2833059942103549,0.127,0.639,4.1971728763114374e-10,11,Clca3a1
1.3801076560733835e-14,0.7409802898114295,0.592,0.2,4.316424705135114e-10,11,Reln
2.6544960460972208e-14,0.7657416301634363,0.732,0.329,8.302201833773668e-10,11,Phldb2
2.704144692483524e-14,0.6737190744840691,0.465,0.137,8.45748294021147e-10,11,Slc9a9
2.9569771914553714e-14,-1.0390308176221577,0.535,0.81,9.24824186399582e-10,11,Nudt4
7.7904027564728e-14,0.6622297961153474,0.437,0.127,2.436526366114433e-9,11,Trps1
1.081669501928714e-13,0.6953450674037005,0.915,0.59,3.3830295342322463e-9,11,Igfbp4
1.9190684238033878e-13,-0.6782434149142769,0.901,0.928,6.002078402287476e-9,11,Calm1
3.4998651881706677e-13,0.8694581577358083,0.803,0.436,1.094617836252258e-8,11,Eln
6.210142372974992e-13,0.44267105577303967,0.183,0.026,1.9422841285716585e-8,11,Mxra8
9.348838063280891e-13,0.6030378443748368,0.268,0.055,2.9239425926717315e-8,11,Creb5
2.5683691813274093e-12,0.5912288756483401,0.93,0.64,8.032831451519605e-8,11,Maf
3.1052371561429108e-12,0.7431486932724187,0.493,0.169,9.711939729552567e-8,11,Itm2a
5.703757252383123e-12,0.5135563363717968,0.268,0.057,1.7839071182553455e-7,11,Slc25a1
9.036015184188235e-12,0.4439850192207137,0.169,0.024,2.826104109006712e-7,11,Adam12
1.5810605787351138e-11,0.7850973176307403,0.549,0.213,4.944925066051941e-7,11,Ptx3
2.5072563669337407e-11,0.8213614616329699,0.69,0.345,7.841695013221968e-7,11,Angpt2
5.086741400000101e-11,0.8688617430903774,0.493,0.186,1.5909292402640315e-6,11,Spry1
7.316058128600137e-11,0.6067549138434795,0.592,0.252,2.2881703403009787e-6,11,Raph1
8.298160949962802e-11,0.5718226593984843,0.761,0.403,2.595332818710366e-6,11,Tmem176a
2.0908662664307609e-10,0.7732410591230386,0.493,0.192,6.539393334888848e-6,11,Dcn
2.553880024565029e-10,0.5197697751892147,0.338,0.097,7.987515164829585e-6,11,Dapk2
2.830637524091147e-10,0.5669376522497023,0.338,0.1,8.853101920347472e-6,11,Ifngr1
3.9299547068823585e-10,0.39928505577646156,0.169,0.029,1.2291326341245264e-5,11,Prex1
5.032905726924035e-10,0.49119187313738094,0.296,0.079,1.5740915951527612e-5,11,Nr5a2
6.314126742831561e-10,-1.4614774212276154,0.085,0.46,1.974806280087999e-5,11,Fgl2
1.1077635666670944e-9,0.49489343464390956,0.93,0.576,3.464641331108004e-5,11,F2r
1.3749437032383947e-9,0.5048047300058137,0.38,0.122,4.300273926248403e-5,11,St8sia6
2.4556679708335085e-9,0.31227344781776917,0.169,0.031,7.680347145578881e-5,11,Bicra
2.8248692046169216e-9,0.6115828453890859,0.817,0.548,8.835060924359884e-5,11,Zfp36l1
3.5243552680354273e-9,0.6351081349953156,0.254,0.066,1.1022773536307603e-4,11,Tcim
3.763220643651209e-9,0.5470729716087972,0.254,0.064,1.176984888508352e-4,11,Cxcl1
5.0159792826856615e-9,0.4690428303380398,0.338,0.105,1.5687976804527675e-4,11,Ablim3
6.004964726836786e-9,0.44535976886937523,0.155,0.028,1.8781127679654732e-4,11,Madcam1
6.284736578279044e-9,0.48100435053114965,0.831,0.478,1.9656142122225536e-4,11,Tmem176b
6.707249088663835e-9,0.30424273528349205,0.169,0.032,2.097759224970501e-4,11,Shisa4
8.600609742105164e-9,0.6389179004427293,0.479,0.197,2.689926702940811e-4,11,Btg2
8.722712966949371e-9,0.3881342395225928,0.141,0.024,2.7281157075430854e-4,11,Cd276
1.0613378887874277e-8,0.5808836726829522,0.268,0.075,3.319440380971559e-4,11,Phlda1
1.091050368733971e-8,0.454600920482636,1,0.859,3.4123691332523675e-4,11,Fos
1.159198647750339e-8,-0.8856719038081025,0.324,0.614,3.6255096907039603e-4,11,Fstl1
1.4201088602548877e-8,0.36317776544321934,1,0.935,4.4415324713331867e-4,11,Rpl18a
1.581083441252143e-8,0.551281559340542,0.563,0.26,4.944996570860202e-4,11,Itga9
1.879080703446501e-8,-0.9363342871335617,0.254,0.573,5.877012808099277e-4,11,Dab2
2.1381072629315967e-8,0.563781330107013,0.577,0.278,6.687144275544862e-4,11,Mef2c
3.0006109153321224e-08,0.5476332003019766,0.69,0.378,9.384710698792746e-4,11,Hspg2
3.0419430447276245e-8,0.4460839586678983,0.38,0.134,9.513981066690118e-4,11,Dock10
3.2608531517315496e-8,0.6307568505258633,0.451,0.187,0.0010198644317355595,11,Cpeb2
3.409848744952282e-8,0.42952345036885264,0.38,0.136,0.0010664642934712758,11,Notch2
5.189216701044379e-8,0.3347248464045376,0.183,0.041,0.0016229794154186401,11,Syn2
7.959972025897618e-8,-1.3235511680902676,0.099,0.406,0.002489560850819739,11,Cd36
8.274986932563017e-8,0.3713913310425028,0.197,0.048,0.002588084913028409,11,Pcdh17
9.35317757508018e-8,0.3963351297301849,0.127,0.022,0.002925299818382077,11,Cxcl2
1.1968338781652216e-7,0.4571834993194772,0.155,0.032,0.003743217637349547,11,Gm21541
1.1975315302074614e-7,0.4401650158721666,0.958,0.797,0.0037453996138768564,11,Junb
1.2604849517629867e-7,0.5710840140836237,0.324,0.117,0.003942292735133917,11,Hmgcr
1.2718518805432756e-7,0.3321714700902969,0.268,0.08,0.0039778439415871485,11,Lamc2
1.6420647916952292e-7,0.5035847628892733,0.408,0.165,0.005135721842505999,11,Pxdn
1.7737928122984578e-7,0.37642022268505393,0.141,0.028,0.005547714399744656,11,Ephb1
1.9787217464521007e-7,0.4182056036983871,0.127,0.023,0.0061886501342035905,11,Panx1
2.0874606514782383e-7,-1.1237982371183062,0.155,0.445,0.006528741933563338,11,Gdf10
2.644349845896573e-7,0.42350760326141595,0.239,0.07,0.008270468578026121,11,Tspan15
2.65070574004285e-7,0.4292335562528127,0.972,0.81,0.008290347272558016,11,Egr1
2.8188349560048946e-7,0.402567565092955,0.972,0.709,0.008816188208400908,11,Ccl21a
2.884325480899086e-7,0.4253162369512317,0.324,0.116,0.00902101637405998,11,Parp8
3.0241006412966305e-7,0.29339721392215845,0.211,0.056,0.009458177165719341,11,Fhl1
3.490456871773566e-79,1.2707578343911137,0.473,0.016,1.0916752912159006e-74,13,Lama5
3.8616110730177584e-63,1.3003478986365793,0.636,0.05,1.2077574791970341e-58,13,Net1
4.763556471067196e-61,0.6561833861152461,0.182,0,1.4898499218909762e-56,13,Wnt7a
4.53658945132516e-54,0.5719355093046302,0.218,0.003,1.4188637167964572e-49,13,Apobec2
1.6587450142098335e-42,0.5984237378365678,0.2,0.004,5.187890906442675e-38,13,Serpinb9b
4.2433654865477795e-40,0.9002983047814973,0.309,0.016,1.3271549895726835e-35,13,Slc29a4
5.38847577230022e-40,0.859690713471091,0.345,0.022,1.6852996825446167e-35,13,Uchl1
7.788965167310696e-39,1.0413006587621054,0.418,0.034,2.4360767457280935e-34,13,Car8
5.107252136118842e-38,1.5911810027469238,0.855,0.205,1.597344178092529e-33,13,Ccdc141
2.0153359631961696e-36,0.7905857022494371,0.236,0.009,6.30316475849234e-32,13,Tspan32
2.9896812313421327e-35,1.2392795197483126,0.4,0.036,9.350527019145655e-31,13,Plek
3.2681646270028844e-32,0.462461922580881,0.2,0.007,1.0221511687414222e-27,13,Crmp1
3.554536927256462e-31,0.7304224724703213,0.309,0.023,1.111716969368731e-26,13,Stk38l
3.9920563262415865e-28,0.9526381458210513,0.527,0.081,1.2485555365953186e-23,13,Ptp4a3
6.670208487452068e-28,0.5899644980201076,0.182,0.007,2.086174406535509e-23,13,Lypd6
9.807856987958684e-28,1.5394789691135498,0.782,0.207,3.067505351553958e-23,13,Neo1
4.111053845790247e-27,1.360251415868658,0.673,0.154,1.2857732008093575e-22,13,Nav1
2.2666251036225322e-26,0.45086133030330233,0.182,0.008,7.089096674089832e-22,13,Nav2
1.2148291248218627e-25,1.5637021639420121,0.636,0.149,3.7994995707928575e-21,13,Slc41a1
1.4339927899894412e-23,1.0039630489507014,0.455,0.073,4.484955849970977e-19,13,Ptprg
1.5277401017885214e-23,0.8770382206286648,0.4,0.055,4.778159942353779e-19,13,Myh10
5.563823631295259e-23,0.3783852790520445,0.182,0.01,1.7401414789239052e-18,13,L1cam
2.3929152538319717e-22,0.45910237345191734,0.145,0.006,7.484081747884875e-18,13,Slc22a4
8.710923486721673e-22,1.5730323647695323,0.655,0.164,2.7244284297070704e-17,13,Plat
2.0539706589504277e-21,0.5115770956561256,0.164,0.009,6.423998632933357e-17,13,Lsr
3.693379998426119e-21,1.2199547601253415,0.855,0.344,1.155141528307753e-16,13,Podxl
5.264902333121045e-21,0.3833624966254214,0.145,0.007,1.646650853706938e-16,13,Oxtr
6.832427388913311e-21,-1.1705633508131088,0.764,0.966,2.136909990156527e-16,13,Ifitm3
1.2885193699625278e-20,0.7911642573508049,0.327,0.042,4.029973181494802e-16,13,S100a4
2.2391356965527775e-20,0.7560871442436821,0.345,0.048,7.003120804538467e-16,13,Trpv4
8.368086300391709e-20,0.5324834300689758,0.145,0.007,2.617202671310511e-15,13,Gucy1b1
2.1650063433828974e-19,0.9188821614104972,0.564,0.131,6.77127383956435e-15,13,Dapk1
6.2807068766370165e-19,1.0291699669884626,0.473,0.099,1.9643538827369932e-14,13,Slc6a6
1.053309372929931e-18,1.1084840532290186,0.891,0.415,3.294330394775652e-14,13,Gdf10
1.0553210820585326e-18,0.960490624677153,0.527,0.121,3.300622216246267e-14,13,Clic5
6.157726285355894e-18,0.8169641285990057,0.455,0.092,1.9258904730079094e-13,13,Esam
7.89448787662601e-18,1.069743808835034,0.527,0.127,2.469080028293551e-13,13,Fst
1.2400784482883238e-17,1.189907555486752,0.545,0.147,3.8784693548665613e-13,13,Glul
1.3201772771327601e-17,1.0261567668405145,0.873,0.423,4.1289864519604203e-13,13,Cd24a
2.708251679321699e-17,1.239751971947857,0.545,0.148,8.470327952246546e-13,13,Anxa1
1.2437646990401343e-16,1.0306478435865816,0.873,0.464,3.889998472717924e-12,13,Lmo2
3.1956572369669476e-16,0.9712115752320538,0.964,0.63,9.994737574337825e-12,13,S100a6
4.954545287888714e-16,0.9494072440268964,1,0.854,1.549583584240074e-11,13,Klf4
5.3274876844039325e-16,1.3427438638228315,0.945,0.685,1.666225048174174e-11,13,Nts
9.092393442277076e-16,0.8971070094159438,0.745,0.277,2.8437369730065784e-11,13,Slc7a1
1.1449197553901512e-15,1.0083350611322155,0.691,0.236,3.580851026958237e-11,13,Pdlim7
1.666074440362967e-15,0.38892305992826537,0.109,0.005,5.210814419679216e-11,13,Pdlim3
2.0835386433941196e-15,0.6997129197522073,0.436,0.094,6.516475461079448e-11,13,Ntn4
4.721338598928805e-15,1.3627525272656862,0.927,0.637,1.476645860200973e-10,13,Neat1
7.18051455793704e-15,1.0245153610475626,0.873,0.528,2.2457777331403885e-10,13,Dstn
8.412967562369922e-15,0.4543253048337422,0.2,0.022,2.631239734806817e-10,13,Dkk3
9.978377469940142e-15,0.786911490375378,1,0.727,3.120837337498479e-10,13,Klf2
1.3181732537218154e-14,0.8506417622958737,0.873,0.392,4.12271866834035e-10,13,Atp13a3
1.3380555691669291e-14,1.0495154218002503,0.764,0.366,4.1849025981264875e-10,13,Cldn11
2.1195779204173816e-14,0.7940075460340493,0.291,0.049,6.629191903897402e-10,13,Agap1
3.7826402216238e-14,-1.015165651355204,0.745,0.91,1.1830585557150597e-9,13,Fosb
3.826499169563546e-14,0.8475740912326954,0.964,0.803,1.1967758802726947e-9,13,Vim
4.7306668494580203e-14,0.46663810751723156,0.145,0.012,1.4795633638364904e-9,13,Ttn
4.9627881226700236e-14,0.580907488515894,0.345,0.067,1.5521616132462766e-9,13,Fhdc1
5.0818091976129247e-14,-1.4416768877860033,0.455,0.832,1.5893866446454184e-9,13,Selenop
6.859615544141199e-14,-0.7527812025088663,0.891,0.963,2.1454133575856013e-9,13,Rps3
7.634204750149624e-14,0.78464830292694,0.909,0.531,2.3876738776567965e-9,13,Nfatc1
1.0707984528136169e-13,0.8213441091780903,0.2,0.024,3.349029241019868e-9,13,Lif
2.2379286134828596e-13,-1.4173273188624678,0.291,0.733,6.999345531528992e-9,13,Tnc
2.4605465593617377e-13,0.7005390028339213,0.327,0.063,7.695605419059771e-9,13,Ptpn3
2.662259000681777e-13,-1.183264007165094,0.327,0.772,8.326481250532325e-9,13,Timp3
2.90238436796077e-13,0.6240394545434205,0.327,0.064,9.077497349234105e-9,13,Slc6a9
3.6348434921905827e-13,0.7888260218895357,0.527,0.162,1.1368336506175267e-8,13,Ext1
4.590250037582314e-13,0.8507304310109499,0.636,0.221,1.4356466017542444e-8,13,Dtx1
5.003201768658929e-13,0.9422836701076427,0.345,0.071,1.5648013851657667e-8,13,Vegfa
5.161755706085984e-13,-1.1717625085843502,0.291,0.749,1.6143907146354524e-8,13,Abca1
5.241631387139428e-13,0.6930808649362525,1,0.738,1.6393726326417275e-8,13,Cd9
7.200785420650297e-13,0.8624460945373469,0.727,0.314,2.252117648162587e-8,13,Fxyd5
7.521031984554256e-13,0.34842335314179873,0.145,0.013,2.3522779634891892e-8,13,Flvcr2
8.645443088805426e-13,0.7358540260766475,0.982,0.681,2.703948780454785e-8,13,Ppp3ca
1.501647207110979e-12,0.6320390052332893,0.255,0.042,4.696551804960298e-8,13,Tyw1
1.6224608791931022e-12,0.7807474032001145,0.8,0.369,5.0744086457643466e-8,13,Dhx9
1.72936695017651e-12,0.9522455097960995,0.636,0.264,5.4087680733720524e-8,13,Hprt
1.824709271695004e-12,-1.1983843307485778,0.436,0.775,5.706960718153295e-8,13,Igfbp7
2.1898882359912014e-12,0.5941535252097063,0.327,0.066,6.849094446886082e-8,13,Limch1
2.1982709547696533e-12,0.7129663022753476,0.509,0.153,6.875312238137567e-8,13,Socs2
2.2291996370484406e-12,0.49264215521947774,0.182,0.022,6.972044784832703e-8,13,Capn5
3.3922805591203315e-12,0.5698977723327759,0.273,0.05,1.0609696676704749e-7,13,Phldb3
3.5547699718688473e-12,-0.5899861615769235,0.927,0.966,1.1117898564017008e-7,13,Rps16
4.212867542162565e-12,0.84719327681003,0.709,0.29,1.3176164524867637e-7,13,Sgk3
4.770995465840185e-12,0.7469275789944683,0.455,0.128,1.4921765418961764e-7,13,Ncoa3
4.780180874076917e-12,0.9445848243435255,0.4,0.104,1.4950493701762966e-7,13,Hspb1
6.153196287101024e-12,-1.5477912289464086,0.218,0.664,1.9244736707537162e-7,13,Lyve1
6.352297618251995e-12,1.1106598170785453,0.382,0.1,1.986744603084494e-7,13,Pgf
6.538325073608968e-12,0.7274895410028361,0.582,0.203,2.044926550021941e-7,13,Slc9a3r2
7.835405059183428e-12,-0.45234511167003966,1,0.991,2.450601286310209e-7,13,Rps24
9.081022187870131e-12,0.4053326862880047,0.127,0.011,2.840180499478262e-7,13,Tubb2b
1.1768213333286192e-11,0.8205100047842229,0.691,0.29,3.6806264021185895e-7,13,Sema3f
1.3970402455340117e-11,-0.44830687834804506,0.982,0.989,4.369383071932175e-7,13,Rps12
1.5734208000206365e-11,0.7637780663991323,0.764,0.337,4.921030894144543e-7,13,Pdlim4
2.039012932422722e-11,-1.7466329335143218,0.127,0.604,6.377216847445305e-7,13,Fabp4
2.077608890359295e-11,0.6156778669311798,0.291,0.06,6.49792956548773e-7,13,Fam20c
2.3131042323786567e-11,0.792206386105147,0.491,0.163,7.234464797187486e-7,13,Olfm1
2.5128680743392702e-11,0.4907697745894466,0.236,0.04,7.859246189303502e-7,13,Hbegf
2.910604755402884e-11,0.8973717868644022,0.436,0.125,9.10320743299806e-7,13,Gdf15
3.5952797036762965e-11,0.6229306116920923,0.364,0.092,1.1244596801217985e-6,13,Itgb4
3.7383525663680594e-11,0.4497213192128046,0.109,0.009,1.1692071486572743e-6,13,Ptgs1
3.847234311540335e-11,0.9217800650788179,0.818,0.462,1.2032610032773553e-6,13,Ptprb
3.9500828402253957e-11,0.6409081246499535,0.291,0.061,1.2354279091088947e-6,13,Lnx2
4.7161939561138554e-11,0.6422653178813336,0.291,0.061,1.4750368217141694e-6,13,Gm9917
4.874127828327813e-11,0.6170848083515572,0.455,0.131,1.5244322195878068e-6,13,Palm
4.978953768341084e-11,-0.49302765927212366,0.945,0.978,1.5572175805863574e-6,13,Rplp1
6.028260754738925e-11,0.4856097892155559,0.164,0.021,1.8853988336521462e-6,13,Ppl
6.177276822449897e-11,0.7941121653757603,0.436,0.126,1.9320050989894297e-6,13,Tub
1.050016734671246e-10,0.5350959817944756,0.182,0.026,3.2840323393577887e-6,13,Angptl2
1.0553440545458934e-10,0.5095042637550419,0.2,0.032,3.3006940649977363e-6,13,Zfyve26
1.6793487274670918e-10,0.254932210336781,0.109,0.009,5.2523310800260765e-6,13,Rhpn1
1.7947602251145715e-10,-0.4887478135794079,0.964,0.974,5.613292080068334e-6,13,Rps27
2.1147913380778606e-10,0.7750473032126073,0.873,0.608,6.614221388972317e-6,13,Rock2
2.1505617848624746e-10,0.8740341136002059,0.727,0.357,6.726097038335875e-6,13,Klf3
2.633319851035624e-10,-0.40393432608075575,0.964,0.991,8.235971166099018e-6,13,Rps8
2.876121250424311e-10,0.6419351751590345,0.309,0.073,8.995356822827075e-6,13,Acsl1
3.5598190102985447e-10,0.7942605017723794,0.236,0.046,1.1133689936609729e-5,13,Dkk2
3.577092066966293e-10,0.7911357528539651,0.836,0.532,1.1187713148643778e-5,13,Foxp1
5.295566028201197e-10,0.587879952745094,0.945,0.681,1.6562412309802065e-5,13,Sema3d
5.416205940741655e-10,0.40728029927110687,0.164,0.023,1.69397257002636e-5,13,Idi1
6.013802110681948e-10,0.6245448521827991,0.455,0.142,1.8808767481368863e-5,13,Gpcpd1
8.307818012817462e-10,0.5708738711685966,0.255,0.052,2.5983531616887893e-5,13,Cryzl1
8.488228155496267e-10,0.5947354752905883,0.4,0.118,2.6547782379130125e-5,13,Arl15
8.594937550476375e-10,0.8083996629832413,0.727,0.381,2.688152668286991e-5,13,Actn1
1.127916328740045e-9,0.462687068033103,0.182,0.029,3.527671109767365e-5,13,Phlda3
1.3598760709238734e-9,0.4924842455572923,0.4,0.116,4.2531483994215064e-5,13,Dvl1
1.4670385630750652e-9,0.7726208384925015,0.873,0.635,4.588309809873574e-5,13,Apold1
1.5482471625214666e-9,-1.0255738555686285,0.655,0.873,4.842297825502139e-5,13,Fos
1.5564599386984488e-9,0.3160187180339735,0.236,0.046,4.867984104273268e-5,13,Adgre5
1.880578246997841e-9,0.4880164648351898,0.236,0.047,5.881696525310448e-5,13,Mettl14
1.94198930710407e-9,0.5083777252454763,0.364,0.1,6.073765756898689e-5,13,Vangl1
1.94540797507568e-9,0.4338676567817942,0.218,0.041,6.084457982846697e-5,13,Mrgbp
3.1448737423347105e-9,-0.465942215294084,0.945,0.981,9.835907116526041e-5,13,Rpl23
3.431451878752409e-9,0.6836910220804269,0.345,0.098,1.0732208895986034e-4,13,Thbd
3.8078911982047e-9,0.4573161235055345,0.2,0.036,1.1909560511505019e-4,13,2610008E11Rik
4.59110127054724e-9,0.41384154349281876,0.273,0.063,1.4359128333763546e-4,13,Itpr2
4.905529456609016e-9,0.7048184920557315,0.273,0.066,1.534253392849036e-4,13,Adamts10
5.2016754202339304e-9,0.5953501408112111,0.218,0.044,1.626876004432364e-4,13,Lrrc8c
6.806322007276962e-9,-0.43322090632065136,1,0.98,2.1287452709959425e-4,13,H2-K1
6.806782354157035e-9,-1.0474491264174555,0.564,0.827,2.1288892490861543e-4,13,Egr1
7.866111811211002e-9,0.7104056769287093,0.964,0.739,2.460205130074353e-4,13,Klf6
1.0364379565007287e-8,0.4539852668565223,0.255,0.058,3.241563352751679e-4,13,Gata2
1.0621657917491079e-8,0.7196123720889213,0.582,0.242,3.32202973027451e-4,13,Klf10
1.148855859512059e-8,0.6925543884879966,0.2,0.039,3.593161586209916e-4,13,Nrgn
1.1589671049295381e-8,0.38565634954548855,0.236,0.051,3.6247855173776237e-4,13,Cep250
1.4257342836444428e-8,0.36613092100998945,0.164,0.027,4.459126545526359e-4,13,Tacc2
1.4328708488452838e-8,-0.7592013983927084,0.582,0.828,4.48144686684851e-4,13,Ly6e
1.5995162746435146e-8,0.8206749752800329,0.418,0.145,5.002647100575057e-4,13,Ebf1
1.6087541153483043e-08,-0.9596013691244301,0.618,0.783,5.031539371163356e-4,13,Ctsd
1.6143041259258462e-8,0.36081760493456383,0.164,0.027,5.048897584245676e-4,13,Fbxo34
1.6273504209978764e-8,0.7368438404988837,0.527,0.217,5.089701176712959e-4,13,Ackr3
1.757303124051395e-8,0.7028544167255529,0.418,0.145,5.496141250783144e-4,13,Jpt1
2.140902209331979e-8,0.6218527946747989,0.455,0.164,6.695885749906698e-4,13,Tmod2
2.173274077103131e-8,-0.4872660941428326,0.873,0.95,6.797132003547753e-4,13,Rpl39
2.3347220628404963e-8,-0.3744822728961754,0.964,0.995,7.302076723739936e-4,13,B2m
2.5882842494475445e-8,0.604194237504609,0.345,0.104,8.09511781857214e-4,13,Celsr1
2.6582812357008893e-8,0.7356409203407648,0.745,0.419,8.314040392778102e-4,13,Rasgrp3
2.718553398374167e-8,0.6155617728225391,0.327,0.095,8.502547608755045e-4,13,Arl2bp
2.8834872839329056e-8,0.3722747092343912,0.2,0.04,9.018394829228556e-4,13,Ankra2
3.238609285069788e-8,-0.5387044159228411,0.782,0.942,0.001012907439998427,13,Marcks
3.409545749933984e-8,-0.5765051159746504,0.818,0.956,0.0010663695287493528,13,Mmrn1
4.327562591806208e-8,-0.8464071510775049,0.509,0.752,0.0013534884762133096,13,Gng11
4.4919553445898824e-8,0.5383891761721826,0.982,0.876,0.0014049039535739317,13,Nfat5
5.374755414759225e-8,0.5078727134081782,0.927,0.749,0.0016810085035200953,13,Sptbn1
6.645173011185732e-8,-0.3781015705194597,0.927,0.982,0.00207834431097845,13,Rps29
6.838909132824125e-8,0.571008945978162,0.655,0.303,0.0021389372203820733,13,Snx3
6.85607160409599e-8,0.48464386846377433,0.364,0.112,0.0021443049548970617,13,Ablim2
7.838907546793244e-8,-0.6795474517220343,0.527,0.806,0.002451696724335055,13,Cd47
8.163940662876122e-8,0.37912400280508307,0.145,0.024,0.0025533540817211362,13,Chn1
1.098985495237941e-7,-1.0441542095505083,0.327,0.616,0.0034371870349061842,13,Igfbp4
1.1240761191455361e-7,0.6474552927225008,0.345,0.114,0.003515660470239579,13,Stmn1
1.1936403967956844e-7,-0.4815780118932076,0.873,0.937,0.0037332297050181825,13,Rpl28
1.2483574350722613e-7,-0.9262031642070794,0.345,0.688,0.0039043627139320044,13,Thbs1
1.253490017739035e-7,0.5499678413245873,0.364,0.118,0.003920415379480606,13,Cdc14a
1.2718117651448184e-7,0.796939480889087,0.364,0.127,0.003977718476666934,13,Hyal2
1.2870726687946105e-7,0.4768888892741066,0.236,0.057,0.004025448478922024,13,Peli2
1.3155161609267729e-7,-0.7088391678291757,0.527,0.778,0.004114408344914575,13,Bst2
1.5836126360322116e-7,0.7264140428284692,0.509,0.225,0.004952906880454345,13,AW551984
1.586052850542036e-7,0.7344049917923858,0.4,0.145,0.004960538895355272,13,Mex3d
1.6980093078482932e-7,-0.5669349062498872,0.709,0.857,0.005310693911226322,13,Nfib
1.7051854298332634e-7,0.6482568398054691,0.818,0.606,0.005333137950346515,13,Anxa2
1.9058482355035654e-7,0.6344970958532368,0.764,0.528,0.005960730941360951,13,Ywhah
2.051535753507014e-7,0.4601245388798962,0.236,0.059,0.006416383222668537,13,Ddah1
2.083937217971537e-7,-1.5066978044414356,0.127,0.454,0.006517722042927779,13,Fgl2
2.466165411932516e-7,-0.3972799317596598,0.964,0.951,0.007713178942360137,13,Rps15a
2.674988195889573e-7,0.5272370596358924,0.436,0.166,0.008366293081464228,13,Carhsp1
2.8392402128905756e-7,0.5028348947029957,0.709,0.38,0.008880007689836563,13,Ptpre
3.024397868725075e-7,0.4021141990406141,0.127,0.02,0.009459106774224544,13,Apbb1
